rsi,rs,price,price_change,price_change_ratio,price_change_ratio_1m,id,title,source,publish_date
33.0,18.0,23493,-58,-0.002,-0.118,11391554,MML: Thay đổi giấy đăng ký kinh doanh,TCBS,2024-11-28 15:30:00
33.7,25.0,23658,-47,-0.002,-0.054,11386095,MML: Thay đổi giấy đăng ký kinh doanh,TCBS,2024-11-21 14:53:00
47.3,26.0,25331,190,0.008,-0.017,11367546,MML: Nghị quyết Hội đồng Quản trị Công ty về việc tăng vốn điều lệ do phát hành ESOP 2024,TCBS,2024-11-01 14:25:00
56.9,58.0,26643,701,0.027,0.043,11360825,MML: Văn bản của Ủy ban Chứng khoán Nhà nước về báo cáo kết quả phát hành cổ phiếu theo chương trình lựa chọn cho người lao động năm 2024 của MML,TCBS,2024-10-28 11:31:00
48.3,39.0,25942,866,0.035,-0.001,11359418,MML: Báo cáo tài chính quý 3/2024 (công ty mẹ),TCBS,2024-10-25 14:32:00
48.3,39.0,25942,866,0.035,-0.001,11359419,MML: Báo cáo tài chính quý 3/2024,TCBS,2024-10-25 14:30:00
42.4,16.0,25016,355,0.014,-0.023,11353114,MML: Báo cáo kết quả giao dịch của Ông/Bà Mã Hồng Kim,TCBS,2024-10-21 13:52:00
42.4,16.0,25016,355,0.014,-0.023,11353116,MML: Báo cáo kết quả giao dịch của ông Nguyễn Quốc Trung,TCBS,2024-10-21 13:47:00
42.4,16.0,25016,355,0.014,-0.023,11353117,MML: Báo cáo kết quả giao dịch của Bà Nguyễn Thị Hồng Điểm,TCBS,2024-10-21 13:46:00
42.0,21.0,24661,29,0.001,-0.036,11351714,MML: Thông báo thay đổi số lượng cổ phần có quyền biểu quyết của Công ty Cổ phần Masan MEATLife,TCBS,2024-10-18 14:51:00
46.5,34.0,24632,-479,-0.019,-0.04,11350564,MML: Báo cáo kết quả phát hành cổ phiếu theo chương trình lựa chọn cho người lao động trong Công ty (ESOP 2024),TCBS,2024-10-17 16:22:00
44.9,39.0,25349,358,0.014,-0.038,11347910,MML: Nghị quyết Hội đồng Quản trị thông qua việc giải thể Công ty TNHH MNS Meat,TCBS,2024-10-15 16:47:00
46.4,40.0,24991,-162,-0.006,-0.052,11346385,MML: Hợp đồng kiểm toán báo cáo tài chính năm giữa Chi nhánh Công ty TNHH KPMG và Công ty Cổ phần Masan MEATLife,TCBS,2024-10-14 14:04:00
39.2,18.0,24879,364,0.015,-0.077,11343044,MML: Thông báo giao dịch cổ phiếu của Người nội bộ Công ty Cổ phần Masan MEATLife,TCBS,2024-10-10 09:08:00
44.5,32.0,25513,111,0.004,-0.003,11336901,MML: Thông báo phát hành cổ phiếu theo chương trình lựa chọn cho người lao động năm 2024,TCBS,2024-10-03 12:40:00
