rsi,rs,price,price_change,price_change_ratio,price_change_ratio_1m,id,title,source,publish_date
52.3,74.0,30900,-1100,-0.034,-0.055,11487565,MML: Mã Hồng Kim - Kế toán trưởng - đã bán 15.000 CP,TCBS,2025-03-10 11:14:00
50.2,54.0,31400,0,0.0,0.138,11482947,MML: Ngày đăng ký cuối cùng Tham dự Đại hội đồng cổ đông thường niên năm 2025,TCBS,2025-03-05 14:01:00
50.2,54.0,31400,0,0.0,0.138,11482634,MML: Báo cáo tài chính năm 2024 (Công ty mẹ),TCBS,2025-03-05 10:15:00
50.2,54.0,31400,0,0.0,0.138,11482581,MML: Báo cáo tài chính năm 2024,TCBS,2025-03-05 10:07:00
63.0,64.0,32700,-1900,-0.055,0.164,11478883,MML: Thông báo về ngày đăng ký cuối cùng để thực hiện quyền tham dự Đại hội đồng Cổ đông thường niên năm 2025,TCBS,2025-02-28 15:45:00
67.1,78.0,34600,800,0.024,0.466,11468078,MML: Mã Hồng Kim - Kế toán trưởng - đăng ký bán 15.000 CP,TCBS,2025-02-19 15:14:00
88.4,90.0,32700,-1400,-0.041,0.422,11457438,MML: Báo cáo quản trị công ty năm 2024,TCBS,2025-02-10 11:13:00
83.3,81.0,34100,3500,0.114,0.445,11455314,MML: Báo cáo tài chính quý 4/2024 (công ty mẹ),TCBS,2025-02-07 09:21:00
83.3,81.0,34100,3500,0.114,0.445,11455317,MML: Báo cáo tài chính quý 4/2024,TCBS,2025-02-07 09:17:00
70.3,64.0,27000,1300,0.051,0.174,11445448,"MML: Ngày 15/10/2025, Thông báo ngày giao dịch đầu tiên đối với cổ phiếu thay đổi đăng ký giao dịch của Công ty cổ phần Masan MEATLife",TCBS,2025-01-24 10:42:00
61.0,50.0,24100,400,0.017,0.017,11423681,MML: Nghị quyết Hội đồng quản trị,TCBS,2025-01-02 10:42:00
61.0,50.0,24100,400,0.017,0.017,11423581,MML: Quyết định chấp thuận đăng ký giao dịch bổ sung,TCBS,2025-01-02 10:07:00
33.0,18.0,23300,-200,-0.009,-0.127,11391554,MML: Thay đổi giấy đăng ký kinh doanh,TCBS,2024-11-28 15:30:00
33.7,25.0,23700,-300,-0.013,-0.052,11386095,MML: Thay đổi giấy đăng ký kinh doanh,TCBS,2024-11-21 14:53:00
47.3,26.0,25700,0,0.0,-0.004,11367546,MML: Nghị quyết Hội đồng Quản trị Công ty về việc tăng vốn điều lệ do phát hành ESOP 2024,TCBS,2024-11-01 14:25:00
