officer_name,officer_position,officer_own_percent
Phạm Trung Lâm,Thành viên Hội đồng Quản trị,0.0052
Nguyễn Thị Mỹ Anh,,0.0046
Nguyễn Quốc Trung,Tổng Giám đốc,0.0007
Nguyễn Quốc Trung,Thành viên Hội đồng Quản trị,0.0007
Nguyễn Quốc Trung,Người đại diện theo pháp luật,0.0007
Nguyễn Thị Minh Hằng,,0.0004
Mã Hồng Kim,Kế toán trưởng,0.0002
Trần Quang Bế,,0.0001
Huỳnh Việt Thăng,Trưởng Ban Kiểm toán nội bộ ,0.0
Huỳnh Việt Thăng,Thành viên Hội đồng Quản trị độc lập,0.0
Huỳnh Việt Thăng,Thành viên Hội đồng Quản trị,0.0
Danny Le,Người đại diện theo pháp luật,0.0
Đỗ Thị Thu Nga,Người phụ trách quản trị công ty,0.0
Nguyễn Thanh Tùng,Kế toán trưởng,0.0
Đỗ Thị Thu Nga,Giám đốc khối,0.0
Nguyễn Thị Hồng Điểm,Giám đốc Tài chính,0.0
Đỗ Thị Thu Nga,Giám đốc,0.0
Đoàn Thị Mỹ Duyên,,0.0
Phạm Quỳnh Nga,,0.0
Nguyễn Thị Thu Hằng,,0.0
