time,open,high,low,close,volume
2023-02-21,34.1,34.1,34.1,34.1,300
2023-02-22,34.1,34.1,33.7,34.0,43300
2023-02-23,33.8,33.8,33.1,33.5,41500
2023-02-24,33.4,35.0,33.1,35.0,21400
2023-02-27,33.5,34.8,33.0,34.8,27200
2023-02-28,33.3,33.4,33.1,33.2,47400
2023-03-01,33.2,33.2,32.7,32.7,32900
2023-03-02,33.2,35.0,33.0,35.0,7400
2023-03-03,33.7,35.5,33.3,33.3,16900
2023-03-06,34.0,34.0,34.0,34.0,4600
2023-03-07,33.2,33.2,33.0,33.0,700
2023-03-08,33.0,33.0,32.7,32.7,3600
2023-03-09,33.0,33.0,32.7,32.7,1500
2023-03-10,33.0,33.0,32.8,32.8,700
2023-03-13,32.8,32.8,32.3,32.3,2900
2023-03-14,32.4,32.4,31.2,31.2,3000
2023-03-15,31.5,31.5,31.0,31.0,1011
2023-03-16,31.0,31.0,29.0,29.0,3007
2023-03-17,29.0,29.3,29.0,29.3,3300
2023-03-20,29.0,29.0,28.8,28.8,1200
2023-03-21,28.9,28.9,28.9,28.9,5
2023-03-22,29.2,30.5,29.2,30.5,1100
2023-03-23,30.0,31.9,30.0,31.5,16200
2023-03-24,30.5,34.9,30.5,34.9,11100
2023-03-27,35.0,36.8,33.6,36.8,11615
2023-03-28,36.0,36.0,35.0,35.0,1900
2023-03-29,35.2,36.0,35.2,35.9,12400
2023-03-30,36.0,36.1,35.0,36.0,12115
2023-03-31,36.6,37.5,35.0,37.5,29700
2023-04-03,36.5,36.5,36.0,36.0,610
2023-04-04,36.0,37.5,36.0,37.5,16913
2023-04-05,36.1,38.0,36.1,37.0,27349
2023-04-06,37.3,38.5,37.0,38.5,25204
2023-04-07,37.7,39.0,37.7,38.5,67570
2023-04-10,39.0,40.1,39.0,39.0,1207
2023-04-11,39.4,39.4,37.5,37.5,5205
2023-04-12,38.1,38.1,38.1,38.1,115
2023-04-13,38.0,38.9,38.0,38.0,1800
2023-04-14,38.0,38.0,38.0,38.0,405
2023-04-17,38.0,39.4,38.0,39.3,7053
2023-04-18,38.0,38.0,37.7,37.7,1900
2023-04-19,37.6,37.6,35.2,35.6,7263
2023-04-20,36.1,36.1,36.0,36.0,5520
2023-04-21,36.0,36.0,36.0,36.0,403
2023-04-24,36.0,36.0,34.8,34.8,1403
2023-04-25,34.1,35.0,33.6,33.6,4251
2023-04-26,35.9,35.9,33.9,33.9,200
2023-04-27,33.8,33.8,33.8,33.8,200
2023-04-28,34.0,34.0,33.8,34.0,1303
2023-05-04,34.0,34.0,34.0,34.0,503
2023-05-05,34.0,34.0,34.0,34.0,1201
2023-05-08,34.0,34.0,34.0,34.0,1
2023-05-09,36.0,36.0,36.0,36.0,100
2023-05-10,36.0,36.0,36.0,36.0,1
2023-05-11,36.0,36.0,36.0,36.0,0
2023-05-12,36.0,36.0,36.0,36.0,0
2023-05-15,36.0,36.0,36.0,36.0,0
2023-05-16,34.0,34.0,34.0,34.0,101
2023-05-17,34.1,36.0,34.0,34.1,1601
2023-05-18,35.5,35.5,35.5,35.5,0
2023-05-19,34.0,34.1,33.0,33.3,3533
2023-05-22,33.5,33.5,33.5,33.5,600
2023-05-23,33.5,33.5,32.3,32.3,5602
2023-05-24,33.2,33.3,32.0,32.0,2919
2023-05-25,32.1,33.5,32.1,33.5,368
2023-05-26,33.0,33.0,30.4,30.4,1217
2023-05-29,31.3,31.3,31.3,31.3,116
2023-05-30,31.7,31.7,31.3,31.3,12300
2023-05-31,31.4,31.5,31.3,31.4,34900
2023-06-01,31.4,34.1,31.4,32.0,10200
2023-06-02,32.1,32.2,32.0,32.0,2700
2023-06-05,33.0,33.0,33.0,33.0,100
2023-06-06,34.0,34.0,33.0,33.0,400
2023-06-07,33.5,33.5,32.7,32.7,600
2023-06-08,33.1,33.1,33.1,33.1,0
2023-06-09,33.1,33.1,33.1,33.1,400
2023-06-12,33.5,33.5,33.0,33.0,3800
2023-06-13,33.4,33.4,33.0,33.0,3203
2023-06-14,33.2,33.2,32.0,32.0,3400
2023-06-15,32.5,32.5,32.5,32.5,200
2023-06-16,32.0,32.0,32.0,32.0,1000
2023-06-19,31.9,32.0,31.9,32.0,500
2023-06-20,32.0,32.0,32.0,32.0,0
2023-06-21,32.0,32.0,32.0,32.0,2600
2023-06-22,32.0,32.0,31.9,31.9,1500
2023-06-23,31.1,31.1,31.0,31.0,20339
2023-06-26,31.0,31.0,30.9,31.0,9200
2023-06-27,31.0,31.0,30.8,30.8,10400
2023-06-28,31.0,31.0,31.0,31.0,1201
2023-06-29,31.0,31.0,30.6,30.6,2200
2023-06-30,30.5,31.0,30.5,30.9,4351
2023-07-03,30.9,30.9,30.7,30.9,2100
2023-07-04,30.9,30.9,30.9,30.9,3602
2023-07-05,30.6,32.4,30.6,30.9,14352
2023-07-06,30.9,31.0,30.8,30.8,16685
2023-07-07,31.0,31.1,30.2,30.2,10401
2023-07-10,30.3,30.9,30.2,30.9,2501
2023-07-11,30.3,31.0,30.1,30.3,7810
2023-07-12,30.3,30.4,29.6,29.6,5800
2023-07-13,30.0,31.3,30.0,30.1,1410
2023-07-14,31.3,31.3,30.2,31.0,5127
2023-07-17,31.0,31.0,30.7,30.7,1600
2023-07-18,30.7,30.7,30.5,30.5,3001
2023-07-19,30.4,30.4,30.1,30.2,2200
2023-07-20,31.4,31.4,30.2,30.2,4200
2023-07-21,30.7,30.8,30.5,30.6,3905
2023-07-24,30.7,31.3,30.7,30.7,5635
2023-07-25,30.8,30.8,30.0,30.8,9100
2023-07-26,30.2,30.2,30.0,30.0,1060
2023-07-27,30.8,31.0,30.3,30.9,11900
2023-07-28,31.0,31.0,30.5,31.0,5100
2023-07-31,30.7,30.7,30.6,30.7,3304
2023-08-01,30.6,31.0,30.6,30.8,5712
2023-08-02,30.9,31.1,30.8,30.8,8008
2023-08-03,31.1,31.1,30.8,31.0,1809
2023-08-04,31.0,31.1,30.0,30.0,17600
2023-08-07,31.0,31.0,30.0,30.5,14403
2023-08-08,30.9,31.0,30.1,31.0,21027
2023-08-09,31.1,34.4,31.1,33.3,43735
2023-08-10,33.2,33.8,32.2,32.3,9920
2023-08-11,32.8,33.0,31.4,31.6,22305
2023-08-14,33.5,33.6,32.0,32.9,36265
2023-08-15,33.3,33.3,32.3,32.5,15014
2023-08-16,35.8,35.8,32.8,33.5,4900
2023-08-17,32.8,32.8,31.8,32.0,8504
2023-08-18,31.1,31.4,30.9,30.9,14910
2023-08-21,30.9,31.0,30.1,30.3,5900
2023-08-22,30.5,30.5,29.9,30.5,5300
2023-08-23,30.5,31.0,30.1,30.1,4100
2023-08-24,30.5,30.5,30.2,30.5,1900
2023-08-25,30.5,30.8,30.2,30.7,9500
2023-08-28,30.7,30.7,30.4,30.4,2490
2023-08-29,30.4,31.1,30.4,30.6,7311
2023-08-30,30.9,30.9,30.3,30.4,6201
2023-08-31,30.8,30.8,30.6,30.8,8900
2023-09-05,30.8,31.0,30.7,30.9,7801
2023-09-06,31.0,31.0,30.3,30.5,6421
2023-09-07,30.5,30.5,29.9,30.0,36619
2023-09-08,30.2,30.8,29.9,30.0,37324
2023-09-11,30.1,31.0,30.0,30.0,11750
2023-09-12,29.8,30.0,29.8,30.0,4701
2023-09-13,30.9,30.9,30.0,30.0,1756
2023-09-14,30.1,30.1,29.8,30.0,7939
2023-09-15,30.0,30.0,29.6,29.8,3305
2023-09-18,30.5,30.5,29.8,29.8,1902
2023-09-19,29.7,29.8,29.4,29.4,4701
2023-09-20,29.7,29.7,29.6,29.6,2205
2023-09-21,29.6,29.6,29.5,29.5,1300
2023-09-22,29.5,29.5,27.2,28.9,12500
2023-09-25,28.5,28.5,28.0,28.5,2000
2023-09-26,28.3,28.3,27.3,27.3,1103
2023-09-27,27.3,27.3,26.0,27.0,6500
2023-09-28,26.0,26.6,25.9,26.6,13425
2023-09-29,26.6,26.7,26.6,26.6,1300
2023-10-02,26.7,29.6,26.7,28.6,1411
2023-10-03,28.3,28.5,24.6,26.0,2920
2023-10-04,26.0,27.8,26.0,27.8,1600
2023-10-05,27.9,27.9,27.5,27.5,1800
2023-10-06,27.8,27.8,27.0,27.7,1600
2023-10-09,26.5,27.2,26.0,26.0,7200
2023-10-10,26.3,26.3,25.3,25.3,10400
2023-10-11,26.3,26.5,26.2,26.5,500
2023-10-12,26.4,28.6,26.4,28.5,2410
2023-10-13,27.3,27.8,26.5,27.5,5400
2023-10-16,27.2,27.5,27.2,27.5,600
2023-10-17,27.3,27.5,27.3,27.5,3900
2023-10-18,27.8,27.8,27.6,27.6,5000
2023-10-19,26.9,28.0,26.9,28.0,10700
2023-10-20,24.5,27.9,24.5,27.9,3600
2023-10-23,27.9,27.9,27.9,27.9,3300
2023-10-24,27.5,28.3,27.5,28.3,1500
2023-10-25,28.0,28.0,28.0,28.0,1800
2023-10-26,27.9,27.9,27.9,27.9,300
2023-10-27,28.5,28.5,28.1,28.1,319
2023-10-30,24.6,25.0,24.5,24.6,15200
2023-10-31,25.0,25.8,22.0,22.0,14800
2023-11-01,22.7,22.7,22.5,22.5,3700
2023-11-02,25.3,25.8,25.3,25.8,1000
2023-11-03,25.8,25.8,25.6,25.6,900
2023-11-06,26.5,26.5,26.5,26.5,400
2023-11-07,26.5,26.5,26.5,26.5,210
2023-11-08,26.3,26.5,23.5,23.5,1000
2023-11-09,23.5,24.1,23.5,24.1,446
2023-11-10,23.7,24.5,22.0,24.5,2200
2023-11-13,24.5,24.5,24.5,24.5,2500
2023-11-14,24.4,24.4,24.4,24.4,400
2023-11-15,25.0,25.0,24.5,25.0,2500
2023-11-16,24.6,24.6,24.6,24.6,300
2023-11-17,24.5,25.0,24.5,24.5,800
2023-11-20,25.0,25.0,24.9,24.9,500
2023-11-21,26.9,26.9,26.9,26.9,101
2023-11-22,25.9,26.8,25.9,26.8,1030
2023-11-23,26.7,26.7,26.6,26.6,600
2023-11-24,23.4,23.5,23.4,23.5,207
2023-11-27,26.4,26.4,26.4,26.4,106
2023-11-28,26.4,26.4,26.4,26.4,10
2023-11-29,25.7,25.7,23.7,23.7,600
2023-11-30,24.6,25.0,24.6,25.0,1100
2023-12-01,25.9,25.9,25.5,25.5,244
2023-12-04,25.7,26.2,25.7,26.0,2000
2023-12-05,26.0,26.0,26.0,26.0,100
2023-12-06,26.0,26.0,26.0,26.0,159
2023-12-07,25.5,25.5,25.0,25.0,1111
2023-12-08,24.7,24.7,24.2,24.4,12104
2023-12-11,25.0,25.0,24.2,25.0,1600
2023-12-12,25.0,26.0,25.0,26.0,17230
2023-12-13,24.5,27.0,24.5,27.0,18736
2023-12-14,26.0,30.0,25.5,30.0,16790
2023-12-15,30.0,32.5,27.7,28.0,46831
2023-12-18,29.0,32.0,28.2,32.0,23600
2023-12-19,29.1,31.5,28.5,31.0,22131
2023-12-20,31.0,31.0,28.0,28.0,2208
2023-12-21,30.9,31.5,30.9,31.5,15005
2023-12-22,31.3,31.4,31.2,31.4,20000
2023-12-25,31.3,31.3,31.3,31.3,35
2023-12-26,28.5,31.0,27.0,28.3,22391
2023-12-27,28.3,31.3,28.3,30.8,27233
2023-12-28,31.0,31.0,30.5,30.5,305
2023-12-29,30.6,32.9,30.6,32.5,119017
2024-01-02,32.3,32.5,32.3,32.3,9230
2024-01-03,30.8,30.8,30.8,30.8,302
2024-01-04,30.8,32.0,30.8,32.0,424
2024-01-05,32.0,32.3,31.0,31.0,700
2024-01-08,31.1,32.0,31.0,31.8,3114
2024-01-09,31.2,31.2,30.0,30.0,11415
2024-01-10,29.1,29.9,29.1,29.9,1000
2024-01-11,30.0,30.0,29.0,29.0,700
2024-01-12,29.2,30.3,29.2,30.0,3614
2024-01-15,29.3,29.3,29.3,29.3,500
2024-01-16,29.3,30.0,25.6,30.0,2031
2024-01-17,30.0,30.0,30.0,30.0,101
2024-01-18,30.0,30.0,30.0,30.0,0
2024-01-19,29.0,29.1,27.7,28.2,4700
2024-01-22,29.0,29.0,29.0,29.0,1801
2024-01-23,29.0,29.0,29.0,29.0,4036
2024-01-24,29.9,29.9,29.0,29.0,1003
2024-01-25,29.0,29.0,29.0,29.0,600
2024-01-26,29.0,29.0,28.0,29.0,900
2024-01-29,28.4,28.9,28.0,28.9,1805
2024-01-30,28.4,28.4,28.4,28.4,501
2024-01-31,28.4,28.4,28.0,28.0,4700
2024-02-01,28.0,28.5,27.9,28.5,1503
2024-02-02,27.7,27.7,27.2,27.2,501
2024-02-05,29.0,29.0,27.2,28.4,2601
2024-02-06,28.5,28.9,27.5,27.5,3600
2024-02-07,27.9,27.9,27.9,27.9,200
2024-02-15,28.8,28.8,27.9,28.8,2501
2024-02-16,28.9,28.9,28.0,28.0,960
2024-02-19,29.5,29.5,27.9,27.9,9812
2024-02-20,28.0,28.0,27.7,27.7,2200
2024-02-21,27.8,27.8,27.8,27.8,1300
2024-02-22,27.9,28.2,27.9,28.2,1109
2024-02-23,28.0,28.0,27.4,27.4,8000
2024-02-26,28.2,28.2,28.2,28.2,101
2024-02-27,29.7,29.7,27.5,27.5,4300
2024-02-28,28.0,28.0,27.5,27.5,2950
2024-02-29,27.8,27.8,27.7,27.7,1500
2024-03-01,28.0,29.0,27.8,28.9,6501
2024-03-04,28.7,28.8,28.0,28.1,19802
2024-03-05,28.1,28.6,28.0,28.6,3200
2024-03-06,28.1,28.8,28.0,28.3,2201
2024-03-07,28.0,28.1,27.5,28.1,7200
2024-03-08,27.8,27.9,27.5,27.8,2500
2024-03-11,28.8,28.8,28.5,28.5,9770
2024-03-12,28.2,28.5,27.9,27.9,8547
2024-03-13,27.9,28.2,27.9,28.0,601
2024-03-14,28.5,28.5,27.9,28.0,17914
2024-03-15,28.0,28.0,28.0,28.0,6303
2024-03-18,28.0,28.0,27.4,27.4,2300
2024-03-19,27.5,27.5,27.5,27.5,2
2024-03-20,27.8,27.8,27.7,27.8,700
2024-03-21,27.7,27.7,27.5,27.5,7278
2024-03-22,27.7,28.0,27.5,27.5,1300
2024-03-25,27.6,27.6,27.2,27.2,7103
2024-03-26,27.4,27.5,27.3,27.3,2100
2024-03-27,27.5,27.5,27.4,27.4,4203
2024-03-28,27.4,27.7,27.4,27.5,15603
2024-03-29,27.5,27.5,27.5,27.5,4400
2024-04-01,27.8,27.8,27.8,27.8,101
2024-04-02,27.5,27.5,27.5,27.5,400
2024-04-03,28.0,28.0,27.5,27.5,3300
2024-04-04,27.5,27.5,27.4,27.5,10800
2024-04-05,27.5,27.5,27.5,27.5,0
2024-04-08,27.5,27.5,25.8,27.4,4200
2024-04-09,27.5,27.5,27.5,27.5,105
2024-04-10,27.5,27.5,27.5,27.5,1
2024-04-11,27.0,27.0,26.9,27.0,2616
2024-04-12,27.0,28.8,27.0,28.0,1838
2024-04-15,27.9,27.9,27.0,27.0,8400
2024-04-16,26.5,26.5,25.4,25.4,6328
2024-04-17,26.5,28.0,26.5,27.0,5702
2024-04-19,27.0,28.0,27.0,28.0,1203
2024-04-22,27.3,27.4,27.1,27.1,2000
2024-04-23,27.3,27.3,27.3,27.3,0
2024-04-24,27.0,27.4,27.0,27.4,326
2024-04-25,27.0,27.0,23.5,26.5,1716
2024-04-26,27.0,27.0,26.6,26.6,300
2024-05-02,26.7,26.7,26.0,26.1,6636
2024-05-03,26.3,26.3,26.3,26.3,339
2024-05-06,26.3,26.3,26.2,26.3,7715
2024-05-07,26.3,27.1,26.2,26.3,11500
2024-05-08,26.8,26.8,26.3,26.3,2415
2024-05-09,26.5,26.5,26.5,26.5,2400
2024-05-10,26.5,26.6,26.5,26.5,9300
2024-05-13,26.5,26.5,26.1,26.1,6300
2024-05-14,26.5,26.6,26.5,26.6,700
2024-05-15,26.6,26.8,26.2,26.5,13700
2024-05-16,27.0,27.3,26.7,26.7,11500
2024-05-17,27.7,29.6,27.3,28.8,57541
2024-05-20,30.0,33.2,29.8,33.2,194413
2024-05-21,33.2,36.6,33.2,36.0,293104
2024-05-22,36.6,40.0,36.6,38.8,187281
2024-05-23,42.0,42.0,37.5,37.6,95908
2024-05-24,37.7,37.7,33.0,33.5,194859
2024-05-27,34.7,34.7,32.4,33.0,99952
2024-05-28,34.0,36.0,33.6,34.9,159413
2024-05-29,35.5,35.9,34.4,34.5,119150
2024-05-30,33.5,34.0,32.7,32.8,98889
2024-05-31,35.0,35.0,32.8,33.4,54484
2024-06-03,33.6,34.0,33.1,33.6,91068
2024-06-04,33.5,33.8,32.5,33.1,66851
2024-06-05,33.2,34.4,32.5,33.0,100706
2024-06-06,33.9,37.8,33.3,35.5,156437
2024-06-07,36.1,37.9,35.7,36.5,247445
2024-06-10,36.8,38.1,35.5,36.7,280040
2024-06-11,36.6,36.6,34.2,34.7,120720
2024-06-12,35.2,35.3,33.1,34.8,112048
2024-06-13,34.3,35.9,33.8,35.7,90820
2024-06-14,35.7,35.7,32.6,33.2,76103
2024-06-17,33.5,33.5,32.9,33.1,85037
2024-06-18,33.5,33.5,32.1,32.6,121292
2024-06-19,32.8,32.8,32.2,32.4,42306
2024-06-20,32.7,33.1,32.4,32.7,57507
2024-06-21,32.6,32.7,31.5,31.5,88637
2024-06-24,32.0,32.0,29.2,29.7,87857
2024-06-25,33.0,33.0,29.4,29.7,19754
2024-06-26,29.9,29.9,29.3,29.8,30386
2024-06-27,29.4,29.5,29.3,29.4,3911
2024-06-28,29.2,29.3,28.3,28.3,32800
2024-07-01,28.9,28.9,27.0,27.8,49860
2024-07-02,28.0,29.4,28.0,28.3,11448
2024-07-03,28.8,28.8,27.8,28.3,32302
2024-07-04,28.3,29.2,28.3,29.1,65500
2024-07-05,29.5,30.0,28.9,29.0,63336
2024-07-08,29.2,29.5,28.6,28.8,15814
2024-07-09,28.8,28.8,27.9,28.1,31354
2024-07-10,28.1,28.7,27.6,27.7,49800
2024-07-11,27.9,28.2,27.8,27.8,18000
2024-07-12,27.6,27.7,27.1,27.1,35300
2024-07-15,26.1,28.2,26.1,26.9,24040
2024-07-16,27.3,28.2,27.3,27.9,89081
2024-07-17,28.3,28.4,27.5,27.9,32140
2024-07-18,27.9,27.9,27.0,27.7,9609
2024-07-19,27.7,31.5,27.7,28.4,50046
2024-07-22,28.4,28.4,27.0,27.9,17172
2024-07-23,28.2,28.2,26.8,26.8,21211
2024-07-24,27.0,27.0,26.2,26.7,38224
2024-07-25,26.7,29.7,26.1,28.0,58202
2024-07-26,26.1,27.9,26.1,27.3,38300
2024-07-29,28.2,28.2,26.8,26.8,30800
2024-07-30,27.5,27.5,26.6,26.9,26600
2024-07-31,27.5,27.5,26.6,26.8,22300
2024-08-01,27.1,27.1,26.0,26.0,33000
2024-08-02,24.5,26.6,24.5,26.2,20700
2024-08-05,25.8,26.2,24.7,24.7,36900
2024-08-06,24.7,25.0,24.7,24.9,18400
2024-08-07,24.8,25.0,24.8,24.9,4800
2024-08-08,24.9,26.9,24.9,26.7,31000
2024-08-09,27.3,27.3,26.3,26.8,5900
2024-08-12,27.0,27.0,26.8,26.9,19000
2024-08-13,26.9,26.9,25.9,26.5,8600
2024-08-14,26.1,26.4,26.0,26.2,12600
2024-08-15,25.9,26.1,25.9,26.0,3400
2024-08-16,25.7,26.8,25.7,26.4,15900
2024-08-19,26.4,26.8,26.4,26.5,8100
2024-08-20,26.9,26.9,26.3,26.6,18200
2024-08-21,26.4,26.6,26.3,26.4,16600
2024-08-22,26.1,27.3,26.1,27.3,33000
2024-08-23,27.3,28.2,26.7,27.5,30100
2024-08-26,27.5,27.5,26.1,26.5,18000
2024-08-27,26.3,26.7,26.2,26.3,11300
2024-08-28,26.3,26.6,26.0,26.6,24000
2024-08-29,26.3,26.3,26.1,26.1,4300
2024-08-30,24.2,26.2,24.2,25.8,14600
2024-09-04,25.6,25.9,25.5,25.5,14400
2024-09-05,25.6,25.8,25.4,25.4,25500
2024-09-06,25.4,25.5,25.0,25.5,28200
2024-09-09,25.2,25.4,25.2,25.3,7400
2024-09-10,25.3,27.5,25.3,26.9,45800
2024-09-11,27.1,27.1,23.5,26.0,52600
2024-09-12,25.9,26.4,25.9,26.3,2300
2024-09-13,26.3,26.3,25.9,26.2,9400
2024-09-16,26.3,26.5,25.8,25.8,11800
2024-09-17,25.5,25.9,25.5,25.9,9000
2024-09-18,25.8,26.0,25.4,25.7,19000
2024-09-19,25.7,25.9,25.4,25.7,22200
2024-09-20,25.9,26.1,25.4,25.7,21900
2024-09-23,27.3,27.3,25.4,25.6,17700
2024-09-24,25.7,26.0,25.7,26.0,2700
2024-09-25,26.0,26.5,25.9,26.5,6600
2024-09-26,26.5,26.5,25.9,25.9,7900
2024-09-27,26.0,26.0,25.4,25.6,33000
2024-09-30,25.6,25.8,25.4,25.6,18400
2024-10-01,24.1,26.3,24.1,25.8,7100
2024-10-02,25.6,26.0,25.2,25.5,25900
2024-10-03,25.5,25.7,25.2,25.2,12800
2024-10-04,25.2,25.6,24.9,24.9,10000
2024-10-07,25.0,25.6,24.1,24.9,33500
2024-10-08,24.8,24.8,24.0,24.5,31500
2024-10-09,24.5,24.8,24.3,24.7,5500
2024-10-10,24.7,25.0,24.7,24.9,13900
2024-10-11,25.0,25.3,25.0,25.1,6000
2024-10-14,25.2,25.2,24.8,24.8,5600
2024-10-15,25.5,25.5,25.2,25.4,6100
2024-10-16,25.4,25.4,24.9,24.9,9100
2024-10-17,24.8,25.1,24.4,25.1,8400
2024-10-18,24.5,25.0,24.2,24.5,7600
2024-10-21,24.8,25.2,24.8,25.0,11400
2024-10-22,25.1,25.1,24.9,25.0,5300
2024-10-23,24.5,25.0,24.5,25.0,14500
2024-10-24,24.7,25.3,24.7,25.3,13500
2024-10-25,25.3,27.0,25.3,26.0,15100
2024-10-28,26.3,27.0,26.0,26.7,45100
2024-10-29,26.7,26.9,25.3,25.6,11800
2024-10-30,27.9,27.9,25.7,25.7,8700
2024-10-31,25.5,25.8,25.0,25.7,14100
2024-11-01,25.1,25.7,25.1,25.7,1600
2024-11-04,25.3,25.4,24.7,25.4,6800
2024-11-05,25.4,25.8,24.9,25.1,11800
2024-11-06,25.0,25.6,25.0,25.2,13600
2024-11-07,25.3,25.5,25.3,25.5,3500
2024-11-08,25.5,25.5,24.8,25.2,27200
2024-11-11,25.0,25.0,24.8,25.0,10400
2024-11-12,25.0,25.0,24.8,24.9,6200
2024-11-13,24.9,25.0,24.5,25.0,15900
2024-11-14,24.8,24.8,24.5,24.7,13900
2024-11-15,24.6,24.6,24.2,24.4,7500
2024-11-18,24.5,24.5,23.2,23.2,27300
2024-11-19,24.6,24.6,23.7,24.0,5000
2024-11-20,23.5,24.1,23.5,24.0,13600
2024-11-21,23.7,23.7,23.6,23.7,4500
2024-11-22,23.7,23.8,23.6,23.7,11300
2024-11-25,23.8,24.0,23.7,23.8,14700
2024-11-26,23.5,23.9,23.4,23.4,26000
2024-11-27,23.4,23.9,23.4,23.5,17100
2024-11-28,23.9,24.0,23.3,23.3,21400
2024-11-29,23.5,23.5,23.3,23.4,23900
2024-12-02,23.3,23.9,23.3,23.7,5100
2024-12-03,23.7,24.0,23.5,23.5,15000
2024-12-04,23.8,23.8,22.9,23.0,59200
2024-12-05,23.0,23.7,23.0,23.5,16400
2024-12-06,23.5,23.5,23.0,23.4,62200
2024-12-09,23.4,23.4,22.5,23.0,31200
2024-12-10,22.8,23.0,22.7,22.8,9000
2024-12-11,23.0,23.5,23.0,23.0,6700
2024-12-12,23.1,23.1,22.7,22.8,21200
2024-12-13,23.3,23.3,22.8,23.1,14400
2024-12-16,23.1,23.5,23.0,23.0,47700
2024-12-17,23.2,23.3,23.0,23.2,6500
2024-12-18,23.2,23.2,22.9,22.9,58600
2024-12-19,23.0,23.4,22.9,23.0,18600
2024-12-20,23.0,23.3,22.9,23.3,28000
2024-12-23,23.0,23.4,23.0,23.0,22500
2024-12-24,23.0,23.1,22.8,23.0,10700
2024-12-25,23.1,23.5,23.1,23.2,15200
2024-12-26,23.4,23.4,23.0,23.4,8700
2024-12-27,23.2,25.1,23.2,24.4,41500
2024-12-30,25.3,25.3,24.4,24.8,10400
2024-12-31,24.8,25.1,23.7,23.7,28100
2025-01-02,23.7,24.1,23.6,24.1,22300
2025-01-03,24.1,24.1,23.5,23.5,11100
2025-01-06,23.7,24.0,23.6,23.7,18400
2025-01-07,23.7,23.7,23.4,23.6,10900
2025-01-08,23.9,23.9,23.4,23.4,9100
2025-01-09,23.5,23.5,23.4,23.5,3500
2025-01-10,23.4,23.7,23.0,23.0,26000
2025-01-13,23.0,23.4,23.0,23.3,4000
2025-01-14,23.4,23.5,23.4,23.5,2900
2025-01-15,24.0,24.0,23.3,23.5,11300
2025-01-16,23.7,23.7,23.4,23.4,7100
2025-01-17,23.6,24.2,23.3,23.6,14600
2025-01-20,23.6,23.7,23.6,23.6,7900
2025-01-21,23.6,25.4,23.6,25.0,71700
2025-01-22,25.0,26.1,25.0,25.5,96200
2025-01-23,25.7,26.0,25.2,25.7,24900
2025-01-24,25.6,27.0,25.5,27.0,120800
2025-02-03,26.4,28.3,25.5,28.1,145300
2025-02-04,28.0,28.7,27.7,28.1,78000
2025-02-05,27.8,27.9,27.4,27.6,26100
2025-02-06,27.6,31.2,27.6,30.6,238100
2025-02-07,30.7,34.1,30.7,34.1,351600
2025-02-10,34.0,35.8,30.0,32.7,234300
2025-02-11,32.0,33.3,30.1,30.1,159400
2025-02-12,31.1,32.0,30.0,32.0,111600
2025-02-13,32.0,34.0,31.5,33.3,198100
2025-02-14,34.9,36.0,33.1,35.5,211400
2025-02-17,35.5,37.8,33.0,34.3,331000
2025-02-18,35.0,35.3,33.5,33.8,117200
2025-02-19,33.7,35.0,33.5,34.6,74500
2025-02-20,34.5,35.3,33.4,33.6,113200
2025-02-21,33.4,34.3,33.0,33.6,84000
2025-02-24,33.0,36.0,33.0,35.9,273200
2025-02-25,36.0,37.5,35.0,35.6,226500
2025-02-26,35.4,35.9,34.0,34.3,103400
2025-02-27,34.5,35.2,34.0,34.6,68900
2025-02-28,35.0,35.0,32.7,32.7,149900
2025-03-03,32.7,33.8,31.8,31.8,171400
2025-03-04,31.8,31.8,29.9,31.4,175800
2025-03-05,31.0,31.9,31.0,31.4,32400
2025-03-06,31.5,32.3,31.3,32.3,70000
2025-03-07,32.3,32.5,32.0,32.0,108500
2025-03-10,32.9,32.9,30.8,30.9,112000
2025-03-11,30.0,31.0,30.0,30.6,117700
2025-03-12,31.8,31.9,30.0,30.1,81000
2025-03-13,30.7,31.5,30.5,30.6,90200
2025-03-14,30.6,30.7,29.6,29.8,173000
2025-03-17,30.0,30.0,29.7,29.7,60300
2025-03-18,29.8,29.9,29.4,29.5,51400
2025-03-19,29.7,29.7,28.8,29.1,46200
2025-03-20,29.5,29.5,29.0,29.1,16700
2025-03-21,29.6,29.6,28.9,29.1,18000
2025-03-24,29.2,29.6,29.0,29.0,54100
2025-03-25,29.1,29.1,28.9,29.0,29600
2025-03-26,29.1,29.2,28.9,28.9,23100
2025-03-27,29.5,29.5,28.8,28.8,30700
2025-03-28,29.0,30.7,29.0,30.2,73400
2025-03-31,30.3,30.9,29.9,30.4,48900
2025-04-01,30.4,30.8,30.3,30.6,43100
2025-04-02,30.6,31.2,29.8,30.3,67400
2025-04-03,29.7,29.7,26.1,26.1,300500
2025-04-04,26.7,26.8,24.5,26.0,139800
2025-04-08,25.0,25.0,23.4,23.6,205000
2025-04-09,23.6,24.6,23.2,23.7,93000
2025-04-10,27.4,27.4,27.0,27.4,56500
2025-04-11,28.0,28.8,26.8,27.4,111900
2025-04-14,27.4,28.5,27.1,28.1,59200
2025-04-15,28.1,28.5,27.8,28.0,53000
2025-04-16,28.2,28.2,27.4,27.5,46900
2025-04-17,27.5,27.8,27.3,27.8,20200
2025-04-18,27.8,28.0,27.6,27.6,31400
2025-04-21,27.9,27.9,26.9,27.1,36500
2025-04-22,27.5,27.5,25.4,26.5,75600
2025-04-23,26.5,27.9,26.5,27.7,25400
2025-04-24,27.6,28.0,27.4,27.4,37500
2025-04-25,27.8,28.0,27.5,27.7,42200
2025-04-28,28.8,28.8,27.5,28.0,74200
2025-04-29,28.0,28.0,27.3,27.7,41200
2025-05-05,28.4,28.4,27.4,27.5,19300
2025-05-06,27.0,27.8,27.0,27.5,36300
2025-05-07,27.6,27.6,27.1,27.5,33300
2025-05-08,27.3,27.4,27.1,27.4,40800
2025-05-09,27.8,27.9,27.4,27.6,43600
2025-05-12,27.6,29.2,27.6,28.8,98400
2025-05-13,29.0,31.0,29.0,29.9,183200
2025-05-14,30.2,31.0,30.1,30.3,94200
2025-05-15,30.3,30.3,29.2,29.7,66500
2025-05-16,29.9,29.9,29.0,29.1,38000
2025-05-19,29.0,29.0,24.9,27.7,116500
2025-05-20,27.7,29.5,27.6,28.6,47000
2025-05-21,28.7,28.9,28.0,28.5,23000
2025-05-22,28.5,28.6,27.9,28.1,53500
2025-05-23,28.2,28.2,27.9,28.1,13600
2025-05-26,28.1,28.3,27.8,28.0,22500
2025-05-27,28.1,29.0,28.1,28.4,43400
2025-05-28,28.6,29.6,28.5,28.8,67100
2025-05-29,28.9,29.0,28.6,28.6,27100
2025-05-30,28.7,29.3,28.4,29.2,75200
2025-06-02,29.3,31.4,29.3,31.2,176300
2025-06-03,31.5,34.0,31.2,33.0,238400
2025-06-04,33.0,35.5,33.0,34.7,270000
2025-06-05,34.7,34.7,33.3,33.8,177800
2025-06-06,33.5,33.6,32.4,32.6,173000
2025-06-09,33.1,36.0,32.8,34.8,491000
2025-06-10,35.1,35.1,33.5,33.8,156900
2025-06-11,34.0,34.2,32.9,34.0,173600
2025-06-12,34.0,36.3,33.7,35.2,524000
2025-06-13,35.2,35.3,34.1,35.0,262700
2025-06-16,34.9,35.9,34.5,34.9,800500
2025-06-17,34.9,36.5,34.8,35.6,440100
2025-06-18,35.6,38.7,35.6,36.6,945500
2025-06-19,37.0,37.0,35.0,35.1,430100
2025-06-20,35.6,35.6,34.3,34.6,422000
2025-06-23,34.7,35.7,33.9,34.7,274000
2025-06-24,34.9,35.4,34.3,34.5,200100
2025-06-25,34.1,34.9,34.1,34.6,152300
2025-06-26,34.8,34.9,33.5,34.1,269800
2025-06-27,34.2,35.8,33.7,35.4,437200
2025-06-30,35.5,36.4,34.9,35.0,536500
2025-07-01,35.1,35.1,34.0,34.3,281400
2025-07-02,34.3,34.6,33.8,33.9,225700
2025-07-03,34.0,34.4,33.2,33.2,231800
2025-07-04,33.5,33.8,33.4,33.7,191300
2025-07-07,33.7,33.9,32.9,33.0,273500
2025-07-08,33.2,33.3,32.6,32.9,222000
2025-07-09,33.0,34.5,33.0,33.5,270300
2025-07-10,33.5,33.6,33.0,33.1,167000
2025-07-11,33.1,33.4,32.8,32.8,187500
2025-07-14,32.8,33.3,32.0,33.3,182300
2025-07-15,33.3,33.5,32.8,32.9,175000
2025-07-16,32.9,33.0,32.8,32.9,73200
2025-07-17,32.9,33.8,32.8,33.6,332000
2025-07-18,33.4,34.7,33.4,34.4,350000
2025-07-21,34.3,35.0,33.6,33.9,198000
2025-07-22,34.0,34.2,33.2,33.8,217000
2025-07-23,33.8,34.2,33.6,34.1,233100
2025-07-24,34.1,35.4,33.6,33.6,602000
2025-07-25,33.9,34.5,33.6,34.1,349100
2025-07-28,34.5,35.5,34.0,35.4,784600
2025-07-29,35.4,37.0,34.6,35.0,861400
2025-07-30,35.0,36.0,34.7,35.3,345100
2025-07-31,35.3,36.3,34.4,35.0,340000
2025-08-01,35.0,35.0,34.3,34.7,279700
2025-08-04,34.0,39.7,34.0,39.7,1104100
2025-08-05,40.2,42.4,37.0,40.4,1041000
2025-08-06,40.5,43.0,40.5,41.7,625500
2025-08-07,41.5,44.9,40.6,43.6,625400
2025-08-08,44.5,46.7,43.1,45.5,698900
2025-08-11,46.5,46.5,42.8,43.6,730100
2025-08-12,44.5,44.8,42.9,43.7,495800
2025-08-13,43.5,43.5,42.2,43.5,523300
2025-08-14,43.2,44.3,42.3,43.3,304600
2025-08-15,43.3,44.5,42.0,42.2,339000
2025-08-18,42.2,43.0,41.5,42.0,402200
2025-08-19,42.1,42.8,41.2,42.0,261100
2025-08-20,42.0,43.4,38.8,40.2,623600
2025-08-21,40.2,40.4,37.9,38.0,571300
2025-08-22,37.9,38.4,36.6,36.8,389900
2025-08-25,37.3,38.0,36.8,37.5,193200
2025-08-26,37.6,39.6,37.6,38.9,274800
2025-08-27,38.9,39.4,38.3,38.5,135000
2025-08-28,38.7,39.0,37.6,38.8,223200
2025-08-29,40.4,40.4,38.4,38.7,188100
2025-09-03,38.8,40.0,38.8,39.3,175900
2025-09-04,40.2,40.2,38.5,39.2,197300
2025-09-05,39.2,39.2,37.4,37.9,224000
2025-09-08,37.9,38.3,37.2,37.2,141700
2025-09-09,37.5,38.8,37.3,38.0,100500
2025-09-10,38.1,38.4,37.8,38.4,72600
2025-09-11,38.5,38.5,37.2,37.6,198100
2025-09-12,37.6,39.3,37.6,39.0,182800
2025-09-15,39.0,39.8,38.8,39.7,192900
2025-09-16,39.5,39.6,38.6,38.9,156500
2025-09-17,39.0,39.5,38.6,38.6,144600
2025-09-18,39.2,39.2,38.4,38.5,79700
2025-09-19,38.6,38.6,38.2,38.6,56900
2025-09-22,38.7,39.4,38.2,38.6,125300
2025-09-23,38.8,38.8,38.2,38.3,51300
2025-09-24,38.4,38.6,38.1,38.6,71100
2025-09-25,38.6,38.9,37.9,38.3,170000
2025-09-26,38.2,41.3,38.0,39.5,204600
2025-09-29,39.6,40.0,38.7,38.9,136800
2025-09-30,39.3,39.3,37.4,38.5,140400
2025-10-01,39.0,39.0,38.0,38.3,36300
2025-10-02,38.3,38.3,37.3,37.4,123900
2025-10-03,37.4,37.4,36.0,36.1,214900
2025-10-06,36.5,37.3,36.0,36.9,142600
2025-10-07,36.9,37.4,36.3,36.6,76900
2025-10-08,36.7,37.5,36.7,37.0,106600
2025-10-09,37.1,38.5,37.1,37.5,84900
2025-10-10,37.8,38.7,37.8,38.2,107400
2025-10-13,37.8,39.9,37.1,39.5,363300
2025-10-14,39.6,40.0,38.4,38.5,196800
2025-10-15,39.0,39.0,37.5,37.7,133400
2025-10-16,37.1,40.8,35.6,38.8,440700
2025-10-17,38.8,39.3,37.7,38.1,209200
2025-10-20,38.0,38.0,33.5,34.7,384700
2025-10-21,34.7,35.5,31.5,34.1,397200
2025-10-22,34.7,34.7,33.4,34.3,67200
2025-10-23,34.5,34.6,34.0,34.1,58800
2025-10-24,34.3,34.3,33.0,34.0,92300
2025-10-27,33.5,34.5,33.5,33.7,85400
2025-10-28,34.0,34.4,33.6,34.4,44700
2025-10-29,34.5,35.2,34.5,34.8,117300
2025-10-30,34.9,35.2,34.6,34.9,90100
2025-10-31,34.9,35.1,34.5,34.9,64800
2025-11-03,34.8,34.8,34.1,34.1,94700
2025-11-04,34.0,34.5,33.2,34.4,93400
2025-11-05,34.4,35.8,34.2,35.1,173300
2025-11-06,35.1,35.2,34.5,34.7,61000
2025-11-07,34.8,34.8,33.9,33.9,50600
2025-11-10,33.9,34.8,33.6,33.8,35200
2025-11-11,34.1,34.1,33.4,33.7,59400
2025-11-12,34.1,34.3,33.9,34.2,28200
2025-11-13,34.2,34.4,34.0,34.0,52900
2025-11-14,34.4,34.4,33.8,33.9,38700
2025-11-17,33.9,34.4,33.9,34.2,47100
2025-11-18,34.2,34.2,33.5,34.1,50700
2025-11-19,33.9,34.2,33.7,34.2,66600
2025-11-20,34.3,34.3,33.7,33.8,52700
2025-11-21,33.8,34.5,33.6,34.4,90200
2025-11-24,34.4,36.8,34.4,36.2,332800
2025-11-25,36.3,38.1,36.2,36.3,238300
2025-11-26,36.9,37.2,36.3,36.7,76400
2025-11-27,36.6,37.5,36.2,36.9,126800
2025-11-28,37.1,37.3,36.4,37.0,113300
2025-12-01,37.0,38.4,37.0,38.1,376300
2025-12-02,38.1,38.3,37.0,38.0,208100
2025-12-03,38.0,38.5,37.8,38.1,133800
2025-12-04,38.3,38.8,37.7,37.7,174400
2025-12-05,38.1,38.1,37.0,37.1,112900
2025-12-08,37.5,37.6,36.4,36.7,219800
2025-12-09,36.9,37.0,36.0,36.5,97000
