rsi,rs,price,price_change,price_change_ratio,price_change_ratio_1m,id,title,source,publish_date
52.6,40.0,41300.0,100.0,0.002,0.012,11402712,"Sau khi bán VinBrain cho Nvidia, Vingroup còn những doanh nghiệp nào trong mảng công nghệ?",TCBS,2024-12-11 08:15:00
61.6,47.0,41850.0,0.0,0.0,0.026,11401043,VIC:  Thông báo CTCP VinBrain không còn là công ty liên kết của VIC,TCBS,2024-12-09 14:08:00
50.3,36.0,41850.0,1000.0,0.024,0.001,11399955,Vingroup của tỷ phú Phạm Nhật Vượng chính thức lên tiếng về VinBrain,TCBS,2024-12-06 21:36:00
41.8,24.0,,,,,11393274,Con trai thứ 2 của tỷ phú Phạm Nhật Vượng đón tiếp Tổng thống Bulgaria thăm nhà máy VinFast,TCBS,2024-12-01 11:42:00
41.8,24.0,,,,,11393120,"Công ty con của Vinhomes sẽ đầu tư nhà máy sản xuất xe điện 7.300 tỷ tại Hà Tĩnh, công suất 400.000 xe/năm",TCBS,2024-11-30 00:00:00
44.7,25.0,40500.0,-200.0,-0.005,-0.021,11393108,Vingroup chuyển nhượng 80% cổ phần tại chủ đầu tư dự án “Đảo tỷ phú” cho đối tác nước ngoài,TCBS,2024-11-29 21:29:00
44.7,25.0,40500.0,-200.0,-0.005,-0.021,11393013,VIC:  CBTT về việc chuyển nhượng cổ phần trong Công ty VYHT,TCBS,2024-11-29 17:46:00
45.4,44.0,40700.0,-50.0,-0.001,-0.018,11391721,Vingroup đã bán cổ phần tại VinBrain cho NVIDIA?,TCBS,2024-11-28 20:05:00
49.9,50.0,40750.0,-300.0,-0.007,-0.017,11390001,"Cầu Tứ Liên do Vingroup và tập đoàn xây dựng lớn nhất Trung Quốc thực hiện sẽ khởi công vào quý 3/2025, cam kết ""xứng tầm""",TCBS,2024-11-27 11:46:00
49.9,50.0,40750.0,-300.0,-0.007,-0.017,11389341,"Tổng thống Bulgaria đề nghị VinFast nghiên cứu hợp tác, đầu tư vào nước này",TCBS,2024-11-27 00:18:00
37.4,38.0,40450.0,100.0,0.002,-0.041,11386495,Công ty của ông Phạm Nhật Vượng bắt tay “đại gia” Nhà nước phát triển hệ thống trạm sạc xe điện quy mô toàn quốc,TCBS,2024-11-22 13:03:00
37.4,38.0,40450.0,100.0,0.002,-0.041,11386432,Tập đoàn xây dựng hàng đầu Trung Quốc sẽ cùng Vingroup thực hiện dự án cầu Tứ Liên tại Hà Nội,TCBS,2024-11-22 09:55:00
37.4,45.0,40350.0,0.0,0.0,-0.045,11384910,"Vingroup thành lập công ty robot vốn nghìn tỷ, hai người con của ông Phạm Nhật Vượng làm cổ đông lớn",TCBS,2024-11-20 13:13:00
37.4,45.0,40350.0,0.0,0.0,-0.045,11384793,VIC:  Nghị quyết HĐQT về việc tham gia góp vốn thành lập công ty con - CTCP Nghiên cứu Phát triển và Ứng dụng người máy Vinrobotcs,TCBS,2024-11-20 11:02:00
39.4,34.0,40700.0,100.0,0.002,-0.034,11380018,Vingroup lập công ty chuyên đầu tư ra nước ngoài cho VinFast,TCBS,2024-11-14 17:11:00
