officer_name,officer_position,officer_own_percent
Phạm Nhật Vượng,Chủ tịch Hội đồng Quản trị,0.1782
Phạm Thu Hương,Phó Chủ tịch Hội đồng Quản trị,0.044
Phạm Thúy Hằng,Phó Chủ tịch Hội đồng Quản trị,0.0299
Phan Thu Hương,,0.0125
Phạm Hồng Linh,,0.0036
Nguyễn Quốc Thành,,0.0033
Phạm Thị Tuyết Mai,,0.0015
Lê Minh Ngọc,,0.0007
Phạm Văn Khương,Phó Tổng Giám đốc,0.0006
Phan Quang Đăng,,0.0003
Nguyễn Diệu Linh,Phụ trách Công bố thông tin,0.0002
Nguyễn Diệu Linh,Phó Chủ tịch Hội đồng Quản trị,0.0002
Phạm Minh Vũ,,0.0002
Dương Thị Hoàn,,0.0002
Nguyễn Việt Quang,,0.0002
Phan Hồng Nhung,,0.0001
Đặng Thanh Thủy,,0.0001
Nguyễn Thế Anh,Trưởng Ban kiểm soát,0.0
Nguyễn Thị Thu Hiền,Kế toán trưởng,0.0
Dương Thị Hằng,,0.0
