sub_company_name,sub_own_percent
Công ty Cổ Phần Công Nghệ Sinh Học Vinbiocare,1.0
Công Ty Cổ Phần Giải Pháp Và Dịch Vụ Công Nghệ Vantix,1.0
Công ty Cổ Phần Thương Mại Và Kinh Doanh Ngọc Việt,1.0
Công ty Cổ phần Vinpearl Cửa Hội,1.0
Công ty Cổ phần Vinpearl Quảng Bình,1.0
Công ty CP Đầu Tư Và Phát Triển Khách Sạn Landmark 81,1.0
Công ty CP Đầu Tư Và Phát Triển Làng Vân,1.0
Công ty Nghiên Cứu VinTech Hàn Quốc,1.0
Công ty TNHH Đầu Tư Kinh Doanh Và Thương Mại P&s,1.0
Công ty TNHH Đầu Tư Và Phát Triển Du Lịch Phúc An,1.0
Công Ty TNHH Dịch Vụ Bảo Vệ Vincom,1.0
Công Ty TNHH Dịch Vụ Vận Tải Sinh Thái Vinbus,1.0
Công ty TNHH Giải pháp và Dịch vụ Công nghệ VinConnect,1.0
Công ty TNHH Giáo Dục Và Đào Tạo Vinacademy,1.0
Công ty TNHH Kinh Doanh Và Phát Triển Đô Thị Nam Hà Nội,1.0
Công ty TNHH Kinh Doanh Và Thương Mại Dịch Vụ Vinpro,1.0
Công ty TNHH MTV Thương mại Đầu tư và Phát triển Thời Đại,1.0
Công ty TNHH Thương Mại Và Kinh Doanh Vsn,1.0
Công Ty TNHH Việt Nam Grand Prix,1.0
Công ty TNHH World Academy,1.0
Công ty VinTech - Hoa Kỳ,1.0
Công ty Cổ phần Kinh Doanh Thương Mại Sado,1.0
Công ty TNHH Vinpearl Travel,1.0
CÔNG TY CỔ PHẦN NGHIÊN CỨU VÀ SẢN XUẤT VINBIOTECH,0.999
Công ty Cổ phần Vinpearl Hotel Cần Thơ,0.998
Công ty Cổ phần Vinpearl Huế,0.998
Công ty Cổ Phần Vinpearl Lạng Sơn,0.998
Công ty Cổ phần Vinpearl Tây Ninh,0.998
Công ty CP Đầu Tư Và Phát Triển Khách Sạn Thanh Hóa,0.998
Công ty CP Vinpearl Hà Nam,0.998
Công ty Cổ phần Cảng Nha Trang,0.99
Công ty Cổ Phần Đầu Tư Y Học Công Nghệ Cao Vinmedtech,0.99
Công ty Cổ phần Kinh doanh và phân phối dược phẩm VINFA,0.99
Công ty Cổ Phần Bất Động Sản Xavinco,0.961
Công ty TNHH Đầu Tư Sản Xuất Phát Triển Nông Nghiệp Wineco,0.958
Công ty TNHH Dịch vụ và Kinh doanh Vinfast,0.903
CÔNG TY CỔ PHẦN KINH DOANH BẤT ĐỘNG SẢN MV VIỆT NAM,0.898
Công ty Cổ Phần Phát Triển Công Nghệ Vintech,0.867
Công ty Cổ phần Đầu tư Cam Ranh,0.866
Công ty Cổ phần Vinpearl,0.856
Công ty Cổ Phần Vin3s,0.854
Công ty TNHH Đầu tư Sản xuất Phát triển Nông nghiệp VinEco-Tam Đảo,0.853
Công ty Cổ phần Trung tâm Hội chợ Triển lãm Việt Nam,0.833
Công ty Cổ phần Nghiên cứu và Sản xuất Vinsmart,0.827
Công ty TNHH Cape Wickham Golf,0.827
Công ty TNHH Sản Xuất Pin Lithium Vinfast,0.827
Công ty TNHH Vingroup Global,0.827
Công ty TNHH Vinpearl Australia,0.827
Công ty TNHH Vinsmart Trading And Investment,0.827
Công ty Cổ phần Hàng không Vinpearl Air,0.8
Công ty CP Phát Triển NVY,0.8
Công ty TNHH triển khai hệ thống phần mềm Vinsoftware,0.8
Công ty TNHH Vinpearl Travel Ru,0.8
Công ty Vingroup Hàn Quốc,0.8
Công ty VinTech - Nhật Bản,0.8
Công ty CP Vindfs,0.8
Công ty Cổ phần Kinh doanh và Phát triển thương mại An Thịnh,0.776
Công ty Cổ Phần Bệnh Viện Đa Khoa Quốc Tế Vinmec,0.75
Công ty CP Đầu Tư Kinh Doanh Vmc Holding,0.75
Công ty TNHH Vingroup Investment,0.745
Công ty TNHH Vinsmart Ukraine,0.745
Công ty TNHH Nông nghiệp Đồng Nai - VinEco,0.743
Công ty TNHH Kinh doanh Bất động sản Phú Gia,0.724
Công Ty TNHH Xalivico,0.711
Công ty TNHH MTV Vạn Khoa Lục Yên,0.709
Công ty TNHH Bảo Lai Australia,0.7
Công Ty Cổ Phần Vinpearl Invest,0.7
Công Ty Cổ Phần Đầu Tư Kinh Doanh Bất Động Sản Thăng Long,0.699
Công ty Cổ Phần Đầu Tư Xây Dựng Đại An,0.693
Công Ty Cổ Phần Muối Cam Ranh,0.693
Công ty Cổ phần Vinhomes,0.693
Công ty CP Phát Triển Và Đầu Tư Xây Dựng Vincons,0.693
Công ty TNHH Metropolis Hà Nội,0.693
Công ty TNHH Thương Mại Đầu Tư Và Phát Triển Thiên Niên Kỷ,0.693
Công Ty Cổ Phần Đầu Tư Khu Công Nghiệp Vinhomes,0.693
Công ty Cổ Phần Kinh Doanh Và Phát Triển Sinh Thái,0.693
Công ty Cổ phần Đầu tư và Phát triển Đô thị Sài Đồng,0.693
Công ty TNHH Phát Triển Công Viên Trung Tâm,0.693
Công Ty Cổ Phần Delta,0.693
Công ty Cổ Phần Phát Triển Gs Củ Chi,0.693
Công Ty Cổ Phần Phát Triển Kinh Doanh Bất Động Sản Sv Tây Hà Nội,0.693
Công ty Cổ phần Đầu Tư Và Phát Triển Sinh Thái,0.692
Công Ty Cổ Phần Vinbigdata,0.692
Công ty Cổ phần Phát triển Thành Phố Xanh,0.692
Công Ty Cổ Phần Đầu Tư Xây Dựng Thái Sơn,0.692
Công ty Cổ phần Đô Thị Du Lịch Cần Giờ,0.692
Công ty CP Thương Mại Và Đầu Tư Sơn Thái,0.692
Công ty TNHH Đầu Tư Và Phát Triển Đô Thị Gia Lâm,0.688
Công ty Cổ phần Phát Triển Xây Dựng Vincons Windows,0.686
Công ty CP Đầu Tư Và Phát Triển Địa Ốc Thành Phố Hoàng Gia,0.679
Công ty CP Đá Cẩm Thạch Dốc Thẳng,0.678
Công ty TNHH Đô Thị Đại Học Quốc Tế Berjaya Việt Nam,0.677
Công ty Cổ Phần Đầu Tư Vạn Khoa,0.676
Công ty Cổ Phần Khoáng Sản Phan Thanh,0.669
Công ty Cổ phần Đầu Tư Bảo Lai,0.667
Công ty TNHH Đá Cẩm Thạch An Phú,0.667
Công Ty Tnhh Một Thành Viên Khai Thác Khoáng Sản Bảo Lai Lục Yên,0.667
Công ty TNHH MTV Đá Trắng Bảo Lai,0.667
Công ty Cổ phần Sách Việt Nam,0.653
Công Ty Cổ Phần Dịch Vụ An Ninh Mạng Vincss,0.65
