time,open,high,low,close,volume,MFI,RSI
2023-03-13,32.8,32.8,32.3,32.3,2900,12.01881664376377,39.417309888045345
2023-03-14,32.4,32.4,31.2,31.2,3000,14.362101255660207,33.43365232406535
2023-03-15,31.5,31.5,31.0,31.0,1011,17.78664337008864,32.46856882616542
2023-03-16,31.0,31.0,29.0,29.0,3007,5.490572173938503,24.768894253469952
2023-03-17,29.0,29.3,29.0,29.3,3300,6.577459772881312,27.544492283822194
2023-03-20,29.0,29.0,28.8,28.8,1200,10.37010412833618,25.833766916365136
2023-03-21,28.9,28.9,28.9,28.9,5,17.427648791343742,26.812795477935595
2023-03-22,29.2,30.5,29.2,30.5,1100,4.1049219346054,40.374794151719115
2023-03-23,30.0,31.9,30.0,31.5,16200,43.15901243249,46.98685455527661
2023-03-24,30.5,34.9,30.5,34.9,11100,61.55520808672528,62.29617547285685
2023-03-27,35.0,36.8,33.6,36.8,11615,70.6767716330885,67.87863642753328
2023-03-28,36.0,36.0,35.0,35.0,1900,72.61835498199645,58.97064564729114
2023-03-29,35.2,36.0,35.2,35.9,12400,77.89486369255143,61.678607947466695
2023-03-30,36.0,36.1,35.0,36.0,12115,77.67124118908171,61.978880067347525
2023-03-31,36.6,37.5,35.0,37.5,29700,87.3465040878711,66.25071316067164
2023-04-03,36.5,36.5,36.0,36.0,610,89.33423805356321,59.09982113330209
2023-04-04,36.0,37.5,36.0,37.5,16913,91.83762088309375,63.35896297028641
2023-04-05,36.1,38.0,36.1,37.0,27349,95.32912307548041,61.07583761973628
2023-04-06,37.3,38.5,37.0,38.5,25204,97.77898467594184,65.13483992124127
2023-04-07,37.7,39.0,37.7,38.5,67570,98.9036525959852,65.13483992124127
2023-04-10,39.0,40.1,39.0,39.0,1207,98.909999290971,66.4859030906625
2023-04-11,39.4,39.4,37.5,37.5,5205,96.5540957854661,59.08829396209808
2023-04-12,38.1,38.1,38.1,38.1,115,96.27875137759078,60.95950100309531
2023-04-13,38.0,38.9,38.0,38.0,1800,96.12974431111972,60.46313917286403
2023-04-14,38.0,38.0,38.0,38.0,405,95.69796635805368,60.46313917286403
2023-04-17,38.0,39.4,38.0,39.3,7053,96.73209492038109,64.78612233622147
2023-04-18,38.0,38.0,37.7,37.7,1900,95.53004204945303,56.58548318023962
2023-04-19,37.6,37.6,35.2,35.6,7263,92.06985570420709,47.997883377006715
2023-04-20,36.1,36.1,36.0,36.0,5520,87.82948654405685,49.56788229733949
2023-04-21,36.0,36.0,36.0,36.0,403,87.93400087098073,49.56788229733949
2023-04-24,36.0,36.0,34.8,34.8,1403,85.87325926292229,44.856048460981405
2023-04-25,34.1,35.0,33.6,33.6,4251,80.41909694681955,40.690542457455486
2023-04-26,35.9,35.9,33.9,33.9,200,75.70864396121436,42.1372167504565
2023-04-27,33.8,33.8,33.8,33.8,200,29.145940162719597,41.771462048983196
2023-04-28,34.0,34.0,33.8,34.0,1303,28.9741586530221,42.84009907512014
2023-05-04,34.0,34.0,34.0,34.0,503,34.87752659383629,42.84009907512014
2023-05-05,34.0,34.0,34.0,34.0,1201,35.00752142104285,42.84009907512014
2023-05-08,34.0,34.0,34.0,34.0,1,30.958608947712463,42.84009907512014
2023-05-09,36.0,36.0,36.0,36.0,100,31.62081792965911,54.15655239305399
2023-05-10,36.0,36.0,36.0,36.0,1,8.754881803159975,54.15655239305399
2023-05-11,36.0,36.0,36.0,36.0,0,9.5947701918532,54.15655239305399
2023-05-12,36.0,36.0,36.0,36.0,0,14.773685528285569,54.15655239305399
2023-05-15,36.0,36.0,36.0,36.0,0,25.001775138866904,54.15655239305399
2023-05-16,34.0,34.0,34.0,34.0,101,26.004100002606535,42.08701962428842
2023-05-17,34.1,36.0,34.0,34.1,1601,45.108610267570526,42.77375494788528
2023-05-18,35.5,35.5,35.5,35.5,0,92.5904479239226,51.45311252561943
2023-05-19,34.0,34.1,33.0,33.3,3533,48.401007244171005,40.944079224700836
2023-05-22,33.5,33.5,33.5,33.5,600,53.60353930512691,42.101811369692626
2023-05-23,33.5,33.5,32.3,32.3,5602,24.016295549796183,37.36829519540414
2023-05-24,33.2,33.3,32.0,32.0,2919,16.55330558437467,36.27040187234827
2023-05-25,32.1,33.5,32.1,33.5,368,18.619542198892873,44.9753958229864
2023-05-26,33.0,33.0,30.4,30.4,1217,17.280199796140778,34.490170768382654
2023-05-29,31.3,31.3,31.3,31.3,116,17.285015783802848,38.94078046844427
2023-05-30,31.7,31.7,31.3,31.3,12300,52.211000524215855,38.94078046844427
2023-05-31,31.4,31.5,31.3,31.4,34900,23.766770955201224,39.47069470771971
2023-06-01,31.4,34.1,31.4,32.0,10200,34.55258897374321,42.68479990775895
2023-06-02,32.1,32.2,32.0,32.0,2700,33.32128696434795,42.68479990775895
2023-06-05,33.0,33.0,33.0,33.0,100,33.458957534858925,48.01997858207849
2023-06-06,34.0,34.0,33.0,33.0,400,32.28209381555999,48.01997858207849
2023-06-07,33.5,33.5,32.7,32.7,600,32.01681128567674,46.51354759158625
2023-06-08,33.1,33.1,33.1,33.1,0,33.670790614861275,48.819016788625284
2023-06-09,33.1,33.1,33.1,33.1,400,33.083128638945695,48.819016788625284
2023-06-12,33.5,33.5,33.0,33.0,3800,39.63701419433275,48.21642951785814
2023-06-13,33.4,33.4,33.0,33.0,3203,39.432797756286455,48.21642951785814
2023-06-14,33.2,33.2,32.0,32.0,3400,37.24399088478984,42.1784588538324
2023-06-15,32.5,32.5,32.5,32.5,200,38.04117717270559,45.83104995631293
2023-06-16,32.0,32.0,32.0,32.0,1000,37.41891638117837,42.91179038988597
2023-06-19,31.9,32.0,31.9,32.0,500,24.68557476697383,42.91179038988597
2023-06-20,32.0,32.0,32.0,32.0,0,56.462925824239285,42.91179038988597
2023-06-21,32.0,32.0,32.0,32.0,2600,28.69715187020141,42.911790389885965
2023-06-22,32.0,32.0,31.9,31.9,1500,31.004299586198258,42.18888791404133
2023-06-23,31.1,31.1,31.0,31.0,20339,13.152954706375766,36.26721427578828
2023-06-26,31.0,31.0,30.9,31.0,9200,9.599948001891292,36.26721427578828
2023-06-27,31.0,31.0,30.8,30.8,10400,7.880462579189384,35.00106614825751
2023-06-28,31.0,31.0,31.0,31.0,1201,9.875603880729372,37.35629147255035
2023-06-29,31.0,31.0,30.6,30.6,2200,9.5018731708806,34.65190922573299
2023-06-30,30.5,31.0,30.5,30.9,4351,9.904156956693399,38.261879861441244
2023-07-03,30.9,30.9,30.7,30.9,2100,13.831050486410291,38.26187986144124
2023-07-04,30.9,30.9,30.9,30.9,3602,20.16625893568677,38.26187986144124
2023-07-05,30.6,32.4,30.6,30.9,14352,36.25281763268561,38.26187986144124
2023-07-06,30.9,31.0,30.8,30.8,16685,29.719327010670142,37.337119815607345
2023-07-07,31.0,31.1,30.2,30.2,10401,26.716380013275824,32.29378664233009
2023-07-10,30.3,30.9,30.2,30.9,2501,28.55436388843502,42.11711165521954
2023-07-11,30.3,31.0,30.1,30.3,7810,26.492969308362873,37.142703738919266
2023-07-12,30.3,30.4,29.6,29.6,5800,25.522505249667702,32.34319094731573
2023-07-13,30.0,31.3,30.0,30.1,1410,32.33796737591011,38.460164693942154
2023-07-14,31.3,31.3,30.2,31.0,5127,39.69455897744113,47.63724949978182
2023-07-17,31.0,31.0,30.7,30.7,1600,44.12507580442232,45.21671725013821
2023-07-18,30.7,30.7,30.5,30.5,3001,41.66313754824909,43.62525762841756
2023-07-19,30.4,30.4,30.1,30.2,2200,41.68155808555043,41.278355778141986
2023-07-20,31.4,31.4,30.2,30.2,4200,41.5525672960939,41.278355778141986
2023-07-21,30.7,30.8,30.5,30.6,3905,42.816568250690814,45.78817423689771
2023-07-24,30.7,31.3,30.7,30.7,5635,44.19811835660897,46.88639914645649
2023-07-25,30.8,30.8,30.0,30.8,9100,28.821015913302418,48.02040381068873
2023-07-26,30.2,30.2,30.0,30.0,1060,35.97778102414226,40.55971885048171
2023-07-27,30.8,31.0,30.3,30.9,11900,53.44282134000994,49.97580107547004
2023-07-28,31.0,31.0,30.5,31.0,5100,55.250457608093654,50.90638716124531
2023-07-31,30.7,30.7,30.6,30.7,3304,59.14525640611979,48.020313940921305
2023-08-01,30.6,31.0,30.6,30.8,5712,68.12776671121915,49.05708365242485
2023-08-02,30.9,31.1,30.8,30.8,8008,71.1658569477525,49.05708365242485
2023-08-03,31.1,31.1,30.8,31.0,1809,69.72551260989624,51.309716013845936
2023-08-04,31.0,31.1,30.0,30.0,17600,56.345819067175825,41.44227036798427
2023-08-07,31.0,31.0,30.0,30.5,14403,64.81106188407855,46.93706066750334
2023-08-08,30.9,31.0,30.1,31.0,21027,72.63352521768311,51.80712208013638
2023-08-09,31.1,34.4,31.1,33.3,43735,80.16479298375897,66.86997923586517
2023-08-10,33.2,33.8,32.2,32.3,9920,74.4470122480087,58.33314694655306
2023-08-11,32.8,33.0,31.4,31.6,22305,63.99920300017084,53.21210079628474
2023-08-14,33.5,33.6,32.0,32.9,36265,73.43913248931302,60.20013302853094
2023-08-15,33.3,33.3,32.3,32.5,15014,68.5413872615457,57.36128871284193
2023-08-16,35.8,35.8,32.8,33.5,4900,67.605068678706,62.16485923782837
2023-08-17,32.8,32.8,31.8,32.0,8504,64.13425947118044,52.593602547139824
2023-08-18,31.1,31.4,30.9,30.9,14910,60.8942593525507,46.891860296169796
2023-08-21,30.9,31.0,30.1,30.3,5900,58.40708569628599,44.0844655087811
2023-08-22,30.5,30.5,29.9,30.5,5300,55.62869719356217,45.26089830067008
2023-08-23,30.5,31.0,30.1,30.1,4100,56.05461376934898,43.298780902527795
2023-08-24,30.5,30.5,30.2,30.5,1900,60.58390755789783,45.8278604606798
2023-08-25,30.5,30.8,30.2,30.7,9500,59.67610729469799,47.098415441828486
2023-08-28,30.7,30.7,30.4,30.4,2490,54.492457210444265,45.37912390947805
2023-08-29,30.4,31.1,30.4,30.6,7311,42.66937807039321,46.77407778358507
2023-08-30,30.9,30.9,30.3,30.4,6201,43.94362651502604,45.5220676363733
2023-08-31,30.8,30.8,30.6,30.8,8900,55.32209345598857,48.491647136236246
2023-09-05,30.8,31.0,30.7,30.9,7801,41.86688489783587,49.23663540114883
2023-09-06,31.0,31.0,30.3,30.5,6421,46.17810292795433,46.34890952180271
2023-09-07,30.5,30.5,29.9,30.0,36619,30.39179293696128,42.95734759228881
2023-09-08,30.2,30.8,29.9,30.0,37324,49.0695818263189,42.95734759228881
2023-09-11,30.1,31.0,30.0,30.0,11750,58.066043896518664,42.95734759228881
2023-09-12,29.8,30.0,29.8,30.0,4701,58.56918021737498,42.95734759228881
2023-09-13,30.9,30.9,30.0,30.0,1756,61.20915753706872,42.95734759228881
2023-09-14,30.1,30.1,29.8,30.0,7939,56.90928954096086,42.95734759228881
2023-09-15,30.0,30.0,29.6,29.8,3305,55.693343466351635,41.08159473568777
2023-09-18,30.5,30.5,29.8,29.8,1902,53.33175030056041,41.08159473568777
2023-09-19,29.7,29.8,29.4,29.4,4701,52.57618001890087,37.30338736404882
2023-09-20,29.7,29.7,29.6,29.6,2205,50.81325291587031,40.26171282310151
2023-09-21,29.6,29.6,29.5,29.5,1300,52.670783474800714,39.26412198574672
2023-09-22,29.5,29.5,27.2,28.9,12500,45.13758575641521,33.8454116141714
2023-09-25,28.5,28.5,28.0,28.5,2000,41.22306973694006,30.794263475018553
2023-09-26,28.3,28.3,27.3,27.3,1103,42.994933089352386,23.848369821495453
2023-09-27,27.3,27.3,26.0,27.0,6500,56.62165673571156,22.483038644314192
2023-09-28,26.0,26.6,25.9,26.6,13425,24.6542933171025,20.775195978892967
2023-09-29,26.6,26.7,26.6,26.6,1300,11.451456367777268,20.775195978892967
2023-10-02,26.7,29.6,26.7,28.6,1411,14.417123697023442,45.00134142152659
2023-10-03,28.3,28.5,24.6,26.0,2920,11.198091170517415,31.51120822295566
2023-10-04,26.0,27.8,26.0,27.8,1600,15.369766693125726,44.02216953667863
2023-10-05,27.9,27.9,27.5,27.5,1800,19.144336225066922,42.624626483843244
2023-10-06,27.8,27.8,27.0,27.7,1600,15.511219675581543,43.903198737978336
2023-10-09,26.5,27.2,26.0,26.0,7200,14.999858679722067,36.464832153737454
2023-10-10,26.3,26.3,25.3,25.3,10400,9.558634097261844,33.91666257262122
2023-10-11,26.3,26.5,26.2,26.5,500,10.460608868788938,41.467868856963406
2023-10-12,26.4,28.6,26.4,28.5,2410,17.218486252038176,51.42949841730543
2023-10-13,27.3,27.8,26.5,27.5,5400,16.200130810568652,47.1120902228168
2023-10-16,27.2,27.5,27.2,27.5,600,17.43346409035327,47.112090222816796
2023-10-17,27.3,27.5,27.3,27.5,3900,25.615334457442614,47.112090222816796
2023-10-18,27.8,27.8,27.6,27.6,5000,41.29214818535055,47.66086158819545
2023-10-19,26.9,28.0,26.9,28.0,10700,31.771009044415692,49.90018013846279
2023-10-20,24.5,27.9,24.5,27.9,3600,28.04352947265096,49.331926692392045
2023-10-23,27.9,27.9,27.9,27.9,3300,33.64809669190089,49.331926692392045
2023-10-24,27.5,28.3,27.5,28.3,1500,33.585806172811914,51.87433926714212
2023-10-25,28.0,28.0,28.0,28.0,1800,30.39643452569041,49.85385116576946
2023-10-26,27.9,27.9,27.9,27.9,300,31.103889387877302,49.16640982676237
2023-10-27,28.5,28.5,28.1,28.1,319,35.94366460271699,50.63260512004723
2023-10-30,24.6,25.0,24.5,24.6,15200,33.26133853514298,32.8020528787838
2023-10-31,25.0,25.8,22.0,22.0,14800,26.36985819823626,25.59212582913672
2023-11-01,22.7,22.7,22.5,22.5,3700,22.416417655193783,28.831770277878007
2023-11-02,25.3,25.8,25.3,25.8,1000,25.55620041183343,45.65077896355278
2023-11-03,25.8,25.8,25.6,25.6,900,25.849349818193176,44.9573284616968
2023-11-06,26.5,26.5,26.5,26.5,400,21.367904644547295,48.73144696012291
2023-11-07,26.5,26.5,26.5,26.5,210,13.89995531220319,48.73144696012291
2023-11-08,26.3,26.5,23.5,23.5,1000,17.07983475132569,38.520685204301515
2023-11-09,23.5,24.1,23.5,24.1,446,18.410914764774674,41.17542706598086
2023-11-10,23.7,24.5,22.0,24.5,2200,10.417380267268953,42.9442569603345
2023-11-13,24.5,24.5,24.5,24.5,2500,12.011629460785727,42.9442569603345
2023-11-14,24.4,24.4,24.4,24.4,400,12.481807564964384,42.57308786098667
2023-11-15,25.0,25.0,24.5,25.0,2500,17.553405971468266,45.610592711521896
2023-11-16,24.6,24.6,24.6,24.6,300,16.753551768260962,43.94190961696816
2023-11-17,24.5,25.0,24.5,24.5,800,27.55205691623331,43.513306888009524
2023-11-20,25.0,25.0,24.9,24.9,500,53.35261509754855,45.790984234266425
2023-11-21,26.9,26.9,26.9,26.9,101,67.58310746121883,55.46125647075097
2023-11-22,25.9,26.8,25.9,26.8,1030,59.31505894056645,54.93358958011377
2023-11-23,26.7,26.7,26.6,26.6,600,58.399783290514875,53.83049390012284
2023-11-24,23.4,23.5,23.4,23.5,207,56.06785199668713,40.31671694962602
2023-11-27,26.4,26.4,26.4,26.4,106,56.459945065173045,52.36434410627198
2023-11-28,26.4,26.4,26.4,26.4,10,61.24555854122606,52.36434410627198
2023-11-29,25.7,25.7,23.7,23.7,600,60.417699773055034,42.9933576440282
2023-11-30,24.6,25.0,24.6,25.0,1100,76.17819816701468,47.83398423489157
2023-12-01,25.9,25.9,25.5,25.5,244,70.03616049012865,49.60638910121519
2023-12-04,25.7,26.2,25.7,26.0,2000,78.80295760547159,51.38519474698168
2023-12-05,26.0,26.0,26.0,26.0,100,72.3695858596218,51.385194746981696
2023-12-06,26.0,26.0,26.0,26.0,159,75.20130258826325,51.385194746981696
2023-12-07,25.5,25.5,25.0,25.0,1111,62.03296552560356,47.22151795166184
2023-12-08,24.7,24.7,24.2,24.4,12104,22.835688463276853,44.87214601255552
2023-12-11,25.0,25.0,24.2,25.0,1600,28.337011734410012,47.67564498182315
2023-12-12,25.0,26.0,25.0,26.0,17230,63.17461876529858,52.052191133488044
2023-12-13,24.5,27.0,24.5,27.0,18736,75.59508024690787,56.01427837121462
2023-12-14,26.0,30.0,25.5,30.0,16790,82.0027011099411,65.2827230193893
2023-12-15,30.0,32.5,27.7,28.0,46831,89.60252088982043,56.70434977654764
2023-12-18,29.0,32.0,28.2,32.0,23600,91.49772367493253,66.25496312757319
2023-12-19,29.1,31.5,28.5,31.0,22131,78.53675830148717,62.540685792208905
2023-12-20,31.0,31.0,28.0,28.0,2208,77.33485417794189,52.950408496999614
2023-12-21,30.9,31.5,30.9,31.5,15005,79.37986424768758,60.55083279742369
2023-12-22,31.3,31.4,31.2,31.4,20000,81.45511075104275,60.251354445827964
2023-12-25,31.3,31.3,31.3,31.3,35,81.43103535481644,59.93213470279584
2023-12-26,28.5,31.0,27.0,28.3,22391,73.17533423548637,51.172852925554324
2023-12-27,28.3,31.3,28.3,30.8,27233,76.54211685855196,56.83457110833789
2023-12-28,31.0,31.0,30.5,30.5,305,79.87411326233764,55.995486318228075
2023-12-29,30.6,32.9,30.6,32.5,119017,87.01092458406175,60.21274870964959
2024-01-02,32.3,32.5,32.3,32.3,9230,86.83316354814981,59.59764663551115
2024-01-03,30.8,30.8,30.8,30.8,302,86.10717613698544,55.055072498610066
2024-01-04,30.8,32.0,30.8,32.0,424,85.42976746130253,57.82460665195492
2024-01-05,32.0,32.3,31.0,31.0,700,82.74891396207573,54.79444359193537
2024-01-08,31.1,32.0,31.0,31.8,3114,81.3178652417915,56.747174781387464
2024-01-09,31.2,31.2,30.0,30.0,11415,84.96377091195626,51.37029972242176
2024-01-10,29.1,29.9,29.1,29.9,1000,85.3697749084472,51.08072879064926
2024-01-11,30.0,30.0,29.0,29.0,700,84.09202119417216,48.43451451692098
2024-01-12,29.2,30.3,29.2,30.0,3614,82.76729049921002,51.44439640714117
2024-01-15,29.3,29.3,29.3,29.3,500,82.58762276997538,49.27614426369639
2024-01-16,29.3,30.0,25.6,30.0,2031,91.14366460055462,51.478515232345956
2024-01-17,30.0,30.0,30.0,30.0,101,89.64773611939253,51.478515232345956
2024-01-18,30.0,30.0,30.0,30.0,0,89.62769313414526,51.478515232345956
2024-01-19,29.0,29.1,27.7,28.2,4700,45.116911004755536,45.17853898037961
2024-01-22,29.0,29.0,29.0,29.0,1801,30.235123664350084,48.21203817866342
2024-01-23,29.0,29.0,29.0,29.0,4036,30.5476655995531,48.21203817866342
2024-01-24,29.9,29.9,29.0,29.0,1003,31.7602478650755,48.21203817866342
2024-01-25,29.0,29.0,29.0,29.0,600,31.920695845576574,48.21203817866342
2024-01-26,29.0,29.0,28.0,29.0,900,22.950286331198512,48.21203817866342
2024-01-29,28.4,28.9,28.0,28.9,1805,35.430179785886224,47.733790760767434
2024-01-30,28.4,28.4,28.4,28.4,501,36.4642491418272,45.31343706978277
2024-01-31,28.4,28.4,28.0,28.0,4700,30.09560697856668,43.4167951603767
2024-02-01,28.0,28.5,27.9,28.5,1503,22.148320712711424,46.43490415997898
2024-02-02,27.7,27.7,27.2,27.2,501,22.184609457496464,40.401010676376934
2024-02-05,29.0,29.0,27.2,28.4,2601,34.06403295296985,47.21895773850008
2024-02-06,28.5,28.9,27.5,27.5,3600,28.776016858229127,43.225065551916586
2024-02-07,27.9,27.9,27.9,27.9,200,28.54395067451162,45.43410459551453
2024-02-15,28.8,28.8,27.9,28.8,2501,42.66140756447683,50.13528871774936
2024-02-16,28.9,28.9,28.0,28.0,960,35.79530164436717,46.315458149500095
2024-02-19,29.5,29.5,27.9,27.9,9812,56.059171848433756,45.845250568683355
2024-02-20,28.0,28.0,27.7,27.7,2200,50.90489380978383,44.864229012958766
2024-02-21,27.8,27.8,27.8,27.8,1300,51.89088878513214,45.49228286070789
2024-02-22,27.9,28.2,27.9,28.2,1109,55.03135407109392,48.04182386591891
2024-02-23,28.0,28.0,27.4,27.4,8000,46.35362709432777,43.64487016445826
2024-02-26,28.2,28.2,28.2,28.2,101,47.11890670995861,48.7010823552247
2024-02-27,29.7,29.7,27.5,27.5,4300,59.15922961376945,44.90464820410709
2024-02-28,28.0,28.0,27.5,27.5,2950,53.134388000659854,44.90464820410709
2024-02-29,27.8,27.8,27.7,27.7,1500,55.530628551215806,46.29197184966061
2024-03-01,28.0,29.0,27.8,28.9,6501,59.5930300230182,53.8076596036532
2024-03-04,28.7,28.8,28.0,28.1,19802,43.37969114654297,48.89530093662431
2024-03-05,28.1,28.6,28.0,28.6,3200,46.41499816179851,51.85380799743729
2024-03-06,28.1,28.8,28.0,28.3,2201,42.611639136765106,49.984075931593196
2024-03-07,28.0,28.1,27.5,28.1,7200,38.79586521348587,48.72275958723701
2024-03-08,27.8,27.9,27.5,27.8,2500,27.372481687817668,46.81445256897018
2024-03-11,28.8,28.8,28.5,28.5,9770,38.646764736569764,51.57989837169938
2024-03-12,28.2,28.5,27.9,27.9,8547,34.40589693971138,47.63971068012504
2024-03-13,27.9,28.2,27.9,28.0,601,33.19920103478174,48.347913626887035
2024-03-14,28.5,28.5,27.9,28.0,17914,49.88129526994557,48.347913626887035
2024-03-15,28.0,28.0,28.0,28.0,6303,46.481277271852896,48.347913626887035
2024-03-18,28.0,28.0,27.4,27.4,2300,42.809646478722975,43.898426580230606
2024-03-19,27.5,27.5,27.5,27.5,2,44.21096211047354,44.81007099915867
2024-03-20,27.8,27.8,27.7,27.8,700,43.71026798878387,47.562995183257264
2024-03-21,27.7,27.7,27.5,27.5,7278,35.97277623324864,45.13826212666192
2024-03-22,27.7,28.0,27.5,27.5,1300,47.432899946624204,45.13826212666192
2024-03-25,27.6,27.6,27.2,27.2,7103,40.65418136655997,42.618485096022425
2024-03-26,27.4,27.5,27.3,27.3,2100,43.544349273400805,43.74577559948646
2024-03-27,27.5,27.5,27.4,27.4,4203,51.27813441024471,44.911272867638594
2024-03-28,27.4,27.7,27.4,27.5,15603,61.773784542491484,46.11359275553689
2024-03-29,27.5,27.5,27.5,27.5,4400,53.424626456956865,46.11359275553689
2024-04-01,27.8,27.8,27.8,27.8,101,60.1155829164428,49.91671855041889
2024-04-02,27.5,27.5,27.5,27.5,400,60.29760860081421,46.39075675612259
2024-04-03,28.0,28.0,27.5,27.5,3300,49.50905407855666,46.39075675612259
2024-04-04,27.5,27.5,27.4,27.5,10800,45.879163262581855,46.39075675612259
2024-04-05,27.5,27.5,27.5,27.5,0,47.72788956563725,46.39075675612259
2024-04-08,27.5,27.5,25.8,27.4,4200,44.53549476947482,44.96665940699325
2024-04-09,27.5,27.5,27.5,27.5,105,43.9864299126066,46.72779807389975
2024-04-10,27.5,27.5,27.5,27.5,1,49.9853239624821,46.72779807389975
2024-04-11,27.0,27.0,26.9,27.0,2616,46.44868078753151,39.413792691599845
2024-04-12,27.0,28.8,27.0,28.0,1838,55.082884254562174,54.68929388139166
2024-04-15,27.9,27.9,27.0,27.0,8400,45.17037281388297,43.01086200386401
2024-04-16,26.5,26.5,25.4,25.4,6328,36.52121741990382,31.441875285491733
2024-04-17,26.5,28.0,26.5,27.0,5702,23.1875170597972,46.8405223239947
2024-04-19,27.0,28.0,27.0,28.0,1203,27.582577812884722,53.82166627684645
2024-04-22,27.3,27.4,27.1,27.1,2000,26.24272609890275,47.74455819939088
2024-04-23,27.3,27.3,27.3,27.3,0,26.471710669847,49.1194354070047
2024-04-24,27.0,27.4,27.0,27.4,326,20.574415346938636,49.83020590760205
2024-04-25,27.0,27.0,23.5,26.5,1716,26.188891967821377,43.8879667479705
2024-04-26,27.0,27.0,26.6,26.6,300,26.822914630560945,44.677376318990014
2024-05-02,26.7,26.7,26.0,26.1,6636,25.169702522967285,41.53125056439979
2024-05-03,26.3,26.3,26.3,26.3,339,25.620335192338445,43.25263853884525
2024-05-06,26.3,26.3,26.2,26.3,7715,21.306937726583712,43.25263853884525
2024-05-07,26.3,27.1,26.2,26.3,11500,39.047162586240205,43.25263853884525
2024-05-08,26.8,26.8,26.3,26.3,2415,35.1699455123652,43.25263853884525
2024-05-09,26.5,26.5,26.5,26.5,2400,44.65423614219901,45.414227692417526
2024-05-10,26.5,26.6,26.5,26.5,9300,59.950674762825386,45.414227692417526
2024-05-13,26.5,26.5,26.1,26.1,6300,48.268512317190634,41.72743645933624
2024-05-14,26.5,26.6,26.5,26.6,700,47.71171739596551,47.46824686395456
2024-05-15,26.6,26.8,26.2,26.5,13700,38.910214727494704,46.48194900809944
2024-05-16,27.0,27.3,26.7,26.7,11500,48.442693283494094,48.774433192876444
2024-05-17,27.7,29.6,27.3,28.8,57541,71.98971744859604,65.49010095302407
2024-05-20,30.0,33.2,29.8,33.2,194413,90.11786670191951,80.124464928672
2024-05-21,33.2,36.6,33.2,36.0,293104,95.18684671061953,84.59996772417553
2024-05-22,36.6,40.0,36.6,38.8,187281,97.07397880037638,87.6055852343626
2024-05-23,42.0,42.0,37.5,37.6,95908,97.42762052613394,80.36632653281845
2024-05-24,37.7,37.7,33.0,33.5,194859,80.35471912790578,61.62810366333434
2024-05-27,34.7,34.7,32.4,33.0,99952,73.58906876972355,59.79703445379249
2024-05-28,34.0,36.0,33.6,34.9,159413,76.88058046909359,64.15534918679803
2024-05-29,35.5,35.9,34.4,34.5,119150,78.77260365095853,62.616346778692524
2024-05-30,33.5,34.0,32.7,32.8,98889,73.81000042706464,56.421575851326764
2024-05-31,35.0,35.0,32.8,33.4,54484,74.91119431511474,58.00087632865476
2024-06-03,33.6,34.0,33.1,33.6,91068,70.94322558350481,58.540242165248216
2024-06-04,33.5,33.8,32.5,33.1,66851,68.7417564995063,56.58383050640041
2024-06-05,33.2,34.4,32.5,33.0,100706,70.25880376055125,56.17944290192952
2024-06-06,33.9,37.8,33.3,35.5,156437,72.00607267963125,63.25046276733082
2024-06-07,36.1,37.9,35.7,36.5,247445,73.15307131851043,65.63891060987015
2024-06-10,36.8,38.1,35.5,36.7,280040,73.13735107186662,66.11327078266078
2024-06-11,36.6,36.6,34.2,34.7,120720,65.55668258880095,57.556320650344006
2024-06-12,35.2,35.3,33.1,34.8,112048,59.82631250501819,57.850073351404994
2024-06-13,34.3,35.9,33.8,35.7,90820,68.28548247840926,60.49976716717116
2024-06-14,35.7,35.7,32.6,33.2,76103,69.11930840241413,50.923443522857276
2024-06-17,33.5,33.5,32.9,33.1,85037,62.963802360005246,50.57857277652001
2024-06-18,33.5,33.5,32.1,32.6,121292,56.15266660226204,48.799045661734006
2024-06-19,32.8,32.8,32.2,32.4,42306,58.01658407595773,48.070492436239924
2024-06-20,32.7,33.1,32.4,32.7,57507,58.04906784670398,49.29339108815535
2024-06-21,32.6,32.7,31.5,31.5,88637,58.28162142030843,44.753476198448425
2024-06-24,32.0,32.0,29.2,29.7,87857,57.82997545921297,38.957506464300906
2024-06-25,33.0,33.0,29.4,29.7,19754,55.721585777822874,38.957506464300906
2024-06-26,29.9,29.9,29.3,29.8,30386,49.82815948432673,39.46265553958076
2024-06-27,29.4,29.5,29.3,29.4,3911,38.66299572696976,38.10432264825365
2024-06-28,29.2,29.3,28.3,28.3,32800,17.769095630498427,34.57936206828862
2024-07-01,28.9,28.9,27.0,27.8,49860,19.511383661998323,33.08131722123936
2024-07-02,28.0,29.4,28.0,28.3,11448,23.48010846308783,36.06420287620145
2024-07-03,28.8,28.8,27.8,28.3,32302,12.082525706394563,36.06420287620145
2024-07-04,28.3,29.2,28.3,29.1,65500,20.80623995562152,40.94857717618451
2024-07-05,29.5,30.0,28.9,29.0,63336,30.301947396730014,40.531751065221655
2024-07-08,29.2,29.5,28.6,28.8,15814,36.1674855402872,39.66217553237356
2024-07-09,28.8,28.8,27.9,28.1,31354,37.165551902917926,36.69482094785331
2024-07-10,28.1,28.7,27.6,27.7,49800,27.258092026666844,35.07973424152577
2024-07-11,27.9,28.2,27.8,27.8,18000,31.526852742767105,35.84002540853949
2024-07-12,27.6,27.7,27.1,27.1,35300,35.5998905143929,32.93260112538353
2024-07-15,26.1,28.2,26.1,26.9,24040,30.882828639247307,32.13059891646746
2024-07-16,27.3,28.2,27.3,27.9,89081,44.360678018837895,39.99861907279842
2024-07-17,28.3,28.4,27.5,27.9,32140,47.90145966505555,39.99861907279842
2024-07-18,27.9,27.9,27.0,27.7,9609,50.074087447095856,38.95122072988225
2024-07-19,27.7,31.5,27.7,28.4,50046,59.61765029054948,44.43547082053364
2024-07-22,28.4,28.4,27.0,27.9,17172,56.859347434384475,41.56332059444709
2024-07-23,28.2,28.2,26.8,26.8,21211,58.15310864248036,36.04364632862131
2024-07-24,27.0,27.0,26.2,26.7,38224,48.19096109957819,35.58103760399442
2024-07-25,26.7,29.7,26.1,28.0,58202,47.31842808231127,45.393106828561656
2024-07-26,26.1,27.9,26.1,27.3,38300,45.39093510923195,41.70912617712084
2024-07-29,28.2,28.2,26.8,26.8,30800,51.45856925037098,39.25828375007614
2024-07-30,27.5,27.5,26.6,26.9,26600,54.033739466731376,40.01742757668755
2024-07-31,27.5,27.5,26.6,26.8,22300,53.64247726024886,39.48597495345203
2024-08-01,27.1,27.1,26.0,26.0,33000,54.01388567316279,35.431960933906055
2024-08-02,24.5,26.6,24.5,26.2,20700,54.486763974496,37.1687332513183
2024-08-05,25.8,26.2,24.7,24.7,36900,40.703483322052655,30.534859980457043
2024-08-06,24.7,25.0,24.7,24.9,18400,34.40730201348303,32.27062097349017
2024-08-07,24.8,25.0,24.8,24.9,4800,35.91091021814216,32.27062097349017
2024-08-08,24.9,26.9,24.9,26.7,31000,31.98646169643831,46.28133058862139
2024-08-09,27.3,27.3,26.3,26.8,5900,34.51149551120568,46.93804786273026
2024-08-12,27.0,27.0,26.8,26.9,19000,39.733492358247865,47.62755807112571
2024-08-13,26.9,26.9,25.9,26.5,8600,43.06119286118311,45.10287769927021
2024-08-14,26.1,26.4,26.0,26.2,12600,29.951568647912055,43.25109042054983
2024-08-15,25.9,26.1,25.9,26.0,3400,33.90374123473809,42.012690921599365
2024-08-16,25.7,26.8,25.7,26.4,15900,29.789850283888356,45.381074472963824
2024-08-19,26.4,26.8,26.4,26.5,8100,35.61052614794224,46.222115131344964
2024-08-20,26.9,26.9,26.3,26.6,18200,44.155496661049845,47.0993572422106
2024-08-21,26.4,26.6,26.3,26.4,16600,47.483322625720284,45.500724352524955
2024-08-22,26.1,27.3,26.1,27.3,33000,59.321963243755576,53.198887900612704
2024-08-23,27.3,28.2,26.7,27.5,30100,74.18511041699448,54.72922293958735
2024-08-26,27.5,27.5,26.1,26.5,18000,73.89993563527098,46.53569015212763
2024-08-27,26.3,26.7,26.2,26.3,11300,69.82515833118339,45.08200674697227
2024-08-28,26.3,26.6,26.0,26.6,24000,65.26259279786655,47.72012440838627
2024-08-29,26.3,26.3,26.1,26.1,4300,62.84944016253366,43.9322434934789
2024-08-30,24.2,26.2,24.2,25.8,14600,54.68260930851355,41.788900722557734
2024-09-04,25.6,25.9,25.5,25.5,14400,60.16285018522219,39.70289677260362
2024-09-05,25.6,25.8,25.4,25.4,25500,56.739882480494664,39.00397830769082
2024-09-06,25.4,25.5,25.0,25.5,28200,51.07278949733685,40.13881742005645
2024-09-09,25.2,25.4,25.2,25.3,7400,46.099558255107674,38.59232290462001
2024-09-10,25.3,27.5,25.3,26.9,45800,53.76976881971746,53.89603424604678
2024-09-11,27.1,27.1,23.5,26.0,52600,41.79120857320498,46.82675171772266
2024-09-12,25.9,26.4,25.9,26.3,2300,44.69670671385611,49.21782693643915
2024-09-13,26.3,26.3,25.9,26.2,9400,35.960881736327394,48.43596258801811
2024-09-16,26.3,26.5,25.8,25.8,11800,25.89469191325719,45.33372499607002
2024-09-17,25.5,25.9,25.5,25.9,9000,26.94899151377436,46.2603974706013
2024-09-18,25.8,26.0,25.4,25.7,19000,26.13611164476397,44.63088764035231
2024-09-19,25.7,25.9,25.4,25.7,22200,23.96777764673736,44.630887640352306
2024-09-20,25.9,26.1,25.4,25.7,21900,30.190559381640682,44.630887640352306
2024-09-23,27.3,27.3,25.4,25.6,17700,36.053457245224536,43.6702548525049
2024-09-24,25.7,26.0,25.7,26.0,2700,32.379596573991435,48.44990416326855
2024-09-25,26.0,26.5,25.9,26.5,6600,37.3271419325532,53.734482797306846
2024-09-26,26.5,26.5,25.9,25.9,7900,40.42410545442475,47.44854963638781
2024-09-27,26.0,26.0,25.4,25.6,33000,36.49330915632832,44.636874436552006
2024-09-30,25.6,25.8,25.4,25.6,18400,20.852464553774112,44.636874436552006
2024-10-01,24.1,26.3,24.1,25.8,7100,25.824137141451047,47.06228629691798
2024-10-02,25.6,26.0,25.2,25.5,25900,33.97355788244026,43.95187215604161
2024-10-03,25.5,25.7,25.2,25.2,12800,33.49039346201228,41.031443033998
2024-10-04,25.2,25.6,24.9,24.9,10000,33.8304219699687,38.291412738285096
2024-10-07,25.0,25.6,24.1,24.9,33500,30.498163728559533,38.291412738285096
2024-10-08,24.8,24.8,24.0,24.5,31500,29.154138096130666,34.707405882281876
2024-10-09,24.5,24.8,24.3,24.7,5500,33.55722520489496,37.8401992005023
2024-10-10,24.7,25.0,24.7,24.9,13900,31.031220105084714,40.894289982501846
2024-10-11,25.0,25.3,25.0,25.1,6000,27.07214425653696,43.864548380769364
2024-10-14,25.2,25.2,24.8,24.8,5600,26.72848354373049,40.57105329980211
2024-10-15,25.5,25.5,25.2,25.4,6100,26.47614638098777,48.84390798189684
2024-10-16,25.4,25.4,24.9,24.9,9100,26.37051779532719,43.419574704396645
2024-10-17,24.8,25.1,24.4,25.1,8400,29.8362841366489,46.00274091401927
2024-10-18,24.5,25.0,24.2,24.5,7600,31.692200663745368,40.08953383889384
2024-10-21,24.8,25.2,24.8,25.0,11400,37.0781638645847,46.28582384460903
2024-10-22,25.1,25.1,24.9,25.0,5300,26.696892332071485,46.28582384460902
2024-10-23,24.5,25.0,24.5,25.0,14500,26.463544449484687,46.28582384460902
2024-10-24,24.7,25.3,24.7,25.3,13500,34.09550609786562,50.14952591331367
2024-10-25,25.3,27.0,25.3,26.0,15100,48.80175686432893,57.780638202440244
2024-10-28,26.3,27.0,26.0,26.7,45100,72.7726023811582,63.75570649231938
2024-10-29,26.7,26.9,25.3,25.6,11800,66.73234989507492,51.43651802934755
2024-10-30,27.9,27.9,25.7,25.7,8700,65.8119351485117,52.33814312853182
2024-10-31,25.5,25.8,25.0,25.7,14100,59.24710141791141,52.33814312853182
2024-11-01,25.1,25.7,25.1,25.7,1600,61.19349138738981,52.33814312853182
2024-11-04,25.3,25.4,24.7,25.4,6800,57.3315895397385,48.9340411438996
2024-11-05,25.4,25.8,24.9,25.1,11800,63.280757582745316,45.730882022150794
2024-11-06,25.0,25.6,25.0,25.2,13600,61.37375466302471,46.97682057696721
2024-11-07,25.3,25.5,25.3,25.5,3500,64.77989051114362,50.63816901064791
2024-11-08,25.5,25.5,24.8,25.2,27200,53.38672879143718,47.13317955262514
2024-11-11,25.0,25.0,24.8,25.0,10400,50.63590040463681,44.90183696211091
2024-11-12,25.0,25.0,24.8,24.9,6200,52.79384933268326,43.785677415587834
2024-11-13,24.9,25.0,24.5,25.0,15900,45.24868961618964,45.25129512133868
2024-11-14,24.8,24.8,24.5,24.7,13900,37.57158675787273,41.73578579615969
2024-11-15,24.6,24.6,24.2,24.4,7500,16.17059038289206,38.513562612274626
2024-11-18,24.5,24.5,23.2,23.2,27300,14.850750518781624,28.901574900294108
2024-11-19,24.6,24.6,23.7,24.0,5000,12.546979395796782,39.70526942919461
2024-11-20,23.5,24.1,23.5,24.0,13600,12.656345956798617,39.70526942919461
2024-11-21,23.7,23.7,23.6,23.7,4500,12.328997782708697,37.24394625312114
2024-11-22,23.7,23.8,23.6,23.7,11300,18.400941553151412,37.24394625312114
2024-11-25,23.8,24.0,23.7,23.8,14700,19.39935388353497,38.712667326674676
2024-11-26,23.5,23.9,23.4,23.4,26000,18.24835542633977,35.167254296137955
2024-11-27,23.4,23.9,23.4,23.5,17100,23.550118552627055,36.72736127553324
2024-11-28,23.9,24.0,23.3,23.3,21400,24.462618523759005,34.91760895909208
2024-11-29,23.5,23.5,23.3,23.4,23900,22.985993721323354,36.59979778927202
2024-12-02,23.3,23.9,23.3,23.7,5100,25.58582471354616,41.486057469919956
2024-12-03,23.7,24.0,23.5,23.5,15000,33.04565417219895,39.31089236415584
2024-12-04,23.8,23.8,22.9,23.0,59200,27.289764925377327,34.44815590627752
2024-12-05,23.0,23.7,23.0,23.5,16400,32.657417811624015,42.154088139485886
2024-12-06,23.5,23.5,23.0,23.4,62200,28.869834215042047,41.11312479415451
2024-12-09,23.4,23.4,22.5,23.0,31200,24.983740510501477,37.160200792466114
2024-12-10,22.8,23.0,22.7,22.8,9000,25.385264209127044,35.33105119814199
2024-12-11,23.0,23.5,23.0,23.0,6700,27.300509034354235,38.58656289803957
2024-12-12,23.1,23.1,22.7,22.8,21200,23.039668487604985,36.60222499201582
2024-12-13,23.3,23.3,22.8,23.1,14400,22.85684933236172,41.46486480262563
2024-12-16,23.1,23.5,23.0,23.0,47700,35.03554546469647,40.353783664117934
2024-12-17,23.2,23.3,23.0,23.2,6500,31.65099497424295,43.60836328194967
2024-12-18,23.2,23.2,22.9,22.9,58600,28.54057976357008,40.07594805356074
2024-12-19,23.0,23.4,22.9,23.0,18600,34.05607506091903,41.76918697917819
2024-12-20,23.0,23.3,22.9,23.3,28000,37.930599715350105,46.640384105043516
2024-12-23,23.0,23.4,23.0,23.0,22500,33.366905825155044,42.78588414713347
2024-12-24,23.0,23.1,22.8,23.0,10700,38.064131561293436,42.78588414713347
2024-12-25,23.1,23.5,23.1,23.2,15200,37.830887150944214,46.22215530705139
2024-12-26,23.4,23.4,23.0,23.4,8700,46.20742162931577,49.48918651077019
2024-12-27,23.2,25.1,23.2,24.4,41500,58.9676645912203,61.939473648975344
2024-12-30,25.3,25.3,24.4,24.8,10400,62.265844913636556,65.59280412021263
2024-12-31,24.8,25.1,23.7,23.7,28100,55.77004037220147,51.07398509638895
2025-01-02,23.7,24.1,23.6,24.1,22300,55.40416998436993,54.97667999211438
2025-01-03,24.1,24.1,23.5,23.5,11100,51.42790651734771,48.701284319985184
2025-01-06,23.7,24.0,23.6,23.7,18400,46.603723256570326,50.720542947996485
2025-01-07,23.7,23.7,23.4,23.6,10900,44.88862740191412,49.667817267476075
2025-01-08,23.9,23.9,23.4,23.4,9100,55.63054732086263,47.542480105795214
2025-01-09,23.5,23.5,23.4,23.5,3500,51.1585969298774,48.72394827634379
2025-01-10,23.4,23.7,23.0,23.0,26000,39.21511626057788,43.45408260415293
2025-01-13,23.0,23.4,23.0,23.3,4000,43.5399493883305,47.1477396677879
2025-01-14,23.4,23.5,23.4,23.5,2900,46.74167677010829,49.515338877618774
2025-01-15,24.0,24.0,23.3,23.5,11300,45.70191847240512,49.515338877618774
2025-01-16,23.7,23.7,23.4,23.4,7100,44.05204340315967,48.26166017195769
2025-01-17,23.6,24.2,23.3,23.6,14600,34.73712726183625,50.937212163103545
2025-01-20,23.6,23.7,23.6,23.6,7900,28.737789879254635,50.93721216310355
2025-01-21,23.6,25.4,23.6,25.0,71700,57.96420668504212,65.44448272553927
2025-01-22,25.0,26.1,25.0,25.5,96200,77.40438477882944,68.97305601626543
2025-01-23,25.7,26.0,25.2,25.7,24900,82.18392752454932,70.28034090802093
2025-01-24,25.6,27.0,25.5,27.0,120800,87.08762209015153,77.04934004639206
2025-02-03,26.4,28.3,25.5,28.1,145300,92.43902273485313,80.99396844934932
2025-02-04,28.0,28.7,27.7,28.1,78000,93.48058718731791,80.99396844934932
2025-02-05,27.8,27.9,27.4,27.6,26100,89.8789281436151,74.26509520645956
2025-02-06,27.6,31.2,27.6,30.6,238100,95.34302132026323,83.25440282199992
2025-02-07,30.7,34.1,30.7,34.1,351600,96.89996720513635,88.36197436709853
2025-02-10,34.0,35.8,30.0,32.7,234300,79.27021549821104,78.10044688683702
2025-02-11,32.0,33.3,30.1,30.1,159400,70.77292294318597,63.37978442480874
2025-02-12,31.1,32.0,30.0,32.0,111600,73.03834213515069,68.11011721103394
2025-02-13,32.0,34.0,31.5,33.3,198100,75.98628561396441,70.88160323373101
2025-02-14,34.9,36.0,33.1,35.5,211400,78.98821154117105,74.86301398669342
2025-02-17,35.5,37.8,33.0,34.3,331000,81.79702534342545,69.29720268797189
2025-02-18,35.0,35.3,33.5,33.8,117200,76.83384595245515,67.06003574974312
2025-02-19,33.7,35.0,33.5,34.6,74500,77.41218867910804,68.79583660508453
2025-02-20,34.5,35.3,33.4,33.6,113200,72.63259992108037,64.23893351053698
2025-02-21,33.4,34.3,33.0,33.6,84000,68.53154893594439,64.23893351053698
2025-02-24,33.0,36.0,33.0,35.9,273200,71.29174739520658,69.60868651683485
2025-02-25,36.0,37.5,35.0,35.6,226500,74.42111370811165,68.17081384842818
2025-02-26,35.4,35.9,34.0,34.3,103400,69.30980342876364,62.177122307182714
2025-02-27,34.5,35.2,34.0,34.6,68900,62.68112209377066,62.98589366755661
2025-02-28,35.0,35.0,32.7,32.7,149900,64.89076046899879,54.96900099648005
2025-03-03,32.7,33.8,31.8,31.8,171400,64.3845958806057,51.61754363040134
2025-03-04,31.8,31.8,29.9,31.4,175800,58.321260336737836,50.15394131581557
2025-03-05,31.0,31.9,31.0,31.4,32400,55.17639202365374,50.15394131581557
2025-03-06,31.5,32.3,31.3,32.3,70000,51.78443821628807,53.588001546209284
2025-03-07,32.3,32.5,32.0,32.0,108500,45.24077980843163,52.294704674805246
2025-03-10,32.9,32.9,30.8,30.9,112000,45.60461714480915,47.7446989906237
2025-03-11,30.0,31.0,30.0,30.6,117700,40.57571343782184,46.55500877388863
2025-03-12,31.8,31.9,30.0,30.1,81000,45.74034386613841,44.56201042251023
2025-03-13,30.7,31.5,30.5,30.6,90200,50.50183935093217,47.00520699338374
2025-03-14,30.6,30.7,29.6,29.8,173000,37.013468440085475,43.6876791414267
2025-03-17,30.0,30.0,29.7,29.7,60300,24.95451764401085,43.276514668901264
2025-03-18,29.8,29.9,29.4,29.5,51400,26.07563441593163,42.416693569099586
2025-03-19,29.7,29.7,28.8,29.1,46200,26.674781400627154,40.676052217712375
2025-03-20,29.5,29.5,29.0,29.1,16700,30.01827009812817,40.676052217712375
2025-03-21,29.6,29.6,28.9,29.1,18000,34.86596279702813,40.676052217712375
2025-03-24,29.2,29.6,29.0,29.0,54100,41.42447284579315,40.161444999199034
2025-03-25,29.1,29.1,28.9,29.0,29600,38.12334701467311,40.161444999199034
2025-03-26,29.1,29.2,28.9,28.9,23100,32.91915598429138,39.58069415353105
2025-03-27,29.5,29.5,28.8,28.8,30700,25.6575243158927,38.97376559573605
2025-03-28,29.0,30.7,29.0,30.2,73400,36.86556783616421,50.43308393765508
2025-03-31,30.3,30.9,29.9,30.4,48900,47.87045196080036,51.82480542423985
2025-04-01,30.4,30.8,30.3,30.6,43100,44.73585552076858,53.238746342205175
2025-04-02,30.6,31.2,29.8,30.3,67400,31.57793802327592,50.82887305000795
2025-04-03,29.7,29.7,26.1,26.1,300500,27.195912565640427,30.21099020690137
2025-04-04,26.7,26.8,24.5,26.0,139800,25.10504692278066,29.900004638722024
2025-04-08,25.0,25.0,23.4,23.6,205000,21.930823937743497,23.616673755096983
2025-04-09,23.6,24.6,23.2,23.7,93000,21.245191186634273,24.330207732169143
2025-04-10,27.4,27.4,27.0,27.4,56500,25.38783222661786,44.85602876809528
2025-04-11,28.0,28.8,26.8,27.4,111900,32.520893766214,44.85602876809528
2025-04-14,27.4,28.5,27.1,28.1,59200,35.79558381322411,47.95368799812571
2025-04-15,28.1,28.5,27.8,28.0,53000,39.440282860564096,47.54281543542189
2025-04-16,28.2,28.2,27.4,27.5,46900,38.01561741739092,45.446114109306315
2025-04-17,27.5,27.8,27.3,27.8,20200,35.86955413383515,46.95762259034968
2025-04-18,27.8,28.0,27.6,27.6,31400,33.38546983340193,46.04176016883248
2025-04-21,27.9,27.9,26.9,27.1,36500,29.472968094526152,43.744690440080255
2025-04-22,27.5,27.5,25.4,26.5,75600,25.070028917940277,41.09510296187888
2025-04-23,26.5,27.9,26.5,27.7,25400,28.193368591438983,47.89284882133099
2025-04-24,27.6,28.0,27.4,27.4,37500,39.960336345327406,46.44966774140253
2025-04-25,27.8,28.0,27.5,27.7,42200,49.06027584952972,48.132835281613
2025-04-28,28.8,28.8,27.5,28.0,74200,65.8479342738726,49.83102077041396
2025-04-29,28.0,28.0,27.3,27.7,41200,69.45976908819624,48.13384110160299
2025-05-05,28.4,28.4,27.4,27.5,19300,67.81224399646254,46.98494647646586
2025-05-06,27.0,27.8,27.0,27.5,36300,57.69458106216184,46.98494647646586
2025-05-07,27.6,27.6,27.1,27.5,33300,49.93263336798105,46.98494647646586
2025-05-08,27.3,27.4,27.1,27.4,40800,41.484072751438354,46.294886630175746
2025-05-09,27.8,27.9,27.4,27.6,43600,49.60670162410388,47.94165698542459
2025-05-12,27.6,29.2,27.6,28.8,98400,59.23882111024549,56.55038966724512
2025-05-13,29.0,31.0,29.0,29.9,183200,67.7263195698217,62.647990316327395
2025-05-14,30.2,31.0,30.1,30.3,94200,74.38188724129026,64.59381715407692
2025-05-15,30.3,30.3,29.2,29.7,66500,74.45497042670867,59.580019540232996
2025-05-16,29.9,29.9,29.0,29.1,38000,70.33477149575708,54.98385352842938
2025-05-19,29.0,29.0,24.9,27.7,116500,60.796763746741746,46.05607414410523
2025-05-20,27.7,29.5,27.6,28.6,47000,61.049175990361235,51.50718290618394
2025-05-21,28.7,28.9,28.0,28.5,23000,56.26463942177985,50.89181840357676
2025-05-22,28.5,28.6,27.9,28.1,53500,55.457067844143445,48.40088225332879
2025-05-23,28.2,28.2,27.9,28.1,13600,53.693812107009855,48.40088225332879
2025-05-26,28.1,28.3,27.8,28.0,22500,54.47237447604437,47.723619216086085
2025-05-27,28.1,29.0,28.1,28.4,43400,58.62943575250536,50.69552546532951
2025-05-28,28.6,29.6,28.5,28.8,67100,64.16313380972576,53.53994711588907
2025-05-29,28.9,29.0,28.6,28.6,27100,60.5678755831333,51.92687236303979
2025-05-30,28.7,29.3,28.4,29.2,75200,59.5860182893507,56.19113992628336
2025-06-02,29.3,31.4,29.3,31.2,176300,59.44283524793677,66.77179170508548
2025-06-03,31.5,34.0,31.2,33.0,238400,66.0858772060001,73.07466735481526
2025-06-04,33.0,35.5,33.0,34.7,270000,77.99189655213868,77.42918584699684
2025-06-05,34.7,34.7,33.3,33.8,177800,68.93374298364954,70.89249983763904
2025-06-06,33.5,33.6,32.4,32.6,173000,65.06646776052662,63.22796888875613
2025-06-09,33.1,36.0,32.8,34.8,491000,74.08461796860769,69.69648195472787
2025-06-10,35.1,35.1,33.5,33.8,156900,68.74176372067163,64.17079516624797
2025-06-11,34.0,34.2,32.9,34.0,173600,64.44894674813133,64.77234800932823
2025-06-12,34.0,36.3,33.7,35.2,524000,72.19433139166736,68.22002162239139
2025-06-13,35.2,35.3,34.1,35.0,262700,65.79554064751044,67.0423476033639
2025-06-16,34.9,35.9,34.5,34.9,800500,73.27187230098824,66.42490179024205
2025-06-17,34.9,36.5,34.8,35.6,440100,75.95952851943052,68.60460944781096
2025-06-18,35.6,38.7,35.6,36.6,945500,81.22538718041464,71.45555668137959
2025-06-19,37.0,37.0,35.0,35.1,430100,74.22407162914959,62.31464786078294
2025-06-20,35.6,35.6,34.3,34.6,422000,67.85867090039275,59.57869997234742
2025-06-23,34.7,35.7,33.9,34.7,274000,63.257365239948506,59.95736483292235
2025-06-24,34.9,35.4,34.3,34.5,200100,59.204044442625076,58.77152410977687
2025-06-25,34.1,34.9,34.1,34.6,152300,59.44282764868408,59.205969434618964
2025-06-26,34.8,34.9,33.5,34.1,269800,58.368384621577775,56.02697539809101
2025-06-27,34.2,35.8,33.7,35.4,437200,58.00988208376061,61.773977535285546
2025-06-30,35.5,36.4,34.9,35.0,536500,63.356462969682404,59.209789556853146
2025-07-01,35.1,35.1,34.0,34.3,281400,62.20223720032914,54.91393479693699
2025-07-02,34.3,34.6,33.8,33.9,225700,56.35272473540916,52.56692304790936
2025-07-03,34.0,34.4,33.2,33.2,231800,56.73557741425294,48.64838674185388
2025-07-04,33.5,33.8,33.4,33.7,191300,51.45695724535862,51.43326899889336
2025-07-07,33.7,33.9,32.9,33.0,273500,44.2661382578805,47.54571157737151
2025-07-08,33.2,33.3,32.6,32.9,222000,28.417386916872687,46.999187024212084
2025-07-09,33.0,34.5,33.0,33.5,270300,36.352593360720896,50.663578827188374
2025-07-10,33.5,33.6,33.0,33.1,167000,38.952598114455434,48.26767607950634
2025-07-11,33.1,33.4,32.8,32.8,187500,39.996387087895194,46.49186706992579
2025-07-14,32.8,33.3,32.0,33.3,182300,40.30648900590078,49.80639502981751
2025-07-15,33.3,33.5,32.8,32.9,175000,44.79602328833605,47.283020186289804
2025-07-16,32.9,33.0,32.8,32.9,73200,47.395584446653174,47.283020186289804
2025-07-17,32.9,33.8,32.8,33.6,332000,45.44361256210579,52.198291498608164
2025-07-18,33.4,34.7,33.4,34.4,350000,41.81762516097433,57.11911048504359
2025-07-21,34.3,35.0,33.6,33.9,198000,46.024956350177014,53.41788646537802
2025-07-22,34.0,34.2,33.2,33.8,217000,46.20529000127503,52.68261796013069
2025-07-23,33.8,34.2,33.6,34.1,233100,54.377662085249966,54.69722348612102
2025-07-24,34.1,35.4,33.6,33.6,602000,60.231814766969684,50.81405197164139
2025-07-25,33.9,34.5,33.6,34.1,349100,58.74374892850459,54.30747465978141
2025-07-28,34.5,35.5,34.0,35.4,784600,70.46337450822827,61.88698903622086
2025-07-29,35.4,37.0,34.6,35.0,861400,74.56904055368756,58.66251967281892
2025-07-30,35.0,36.0,34.7,35.3,345100,71.49917932236481,60.33186664079361
2025-07-31,35.3,36.3,34.4,35.0,340000,69.0219722435574,57.81740014169486
2025-08-01,35.0,35.0,34.3,34.7,279700,67.5255193452974,55.33384052856727
2025-08-04,34.0,39.7,34.0,39.7,1104100,73.17001041493292,74.77900646789679
2025-08-05,40.2,42.4,37.0,40.4,1041000,78.4205670985327,76.33246205906246
2025-08-06,40.5,43.0,40.5,41.7,625500,79.66204078444488,78.92823958049286
2025-08-07,41.5,44.9,40.6,43.6,625400,80.76421102802657,82.03029933971575
2025-08-08,44.5,46.7,43.1,45.5,698900,82.73614585684703,84.48933311709831
2025-08-11,46.5,46.5,42.8,43.6,730100,76.50954382918468,73.63740713269647
2025-08-12,44.5,44.8,42.9,43.7,495800,71.17459269881581,73.82794175409924
2025-08-13,43.5,43.5,42.2,43.5,523300,64.86432685108764,72.69629024536951
2025-08-14,43.2,44.3,42.3,43.3,304600,68.39701916171714,71.51575660590146
2025-08-15,43.3,44.5,42.0,42.2,339000,62.866849864235576,65.24050946460848
2025-08-18,42.2,43.0,41.5,42.0,402200,56.047126103982386,64.13853850311338
2025-08-19,42.1,42.8,41.2,42.0,261100,56.26090572177304,64.13853850311338
2025-08-20,42.0,43.4,38.8,40.2,623600,54.00139264853393,54.525431171128304
2025-08-21,40.2,40.4,37.9,38.0,571300,52.06753525019616,45.54114570031373
2025-08-22,37.9,38.4,36.6,36.8,389900,43.464843845518274,41.52223458884935
2025-08-25,37.3,38.0,36.8,37.5,193200,36.680399317626765,44.593830308537925
2025-08-26,37.6,39.6,37.6,38.9,274800,33.06159953600449,50.2250071989096
2025-08-27,38.9,39.4,38.3,38.5,135000,27.232089803731455,48.701991426138875
2025-08-28,38.7,39.0,37.6,38.8,223200,16.05133339314142,49.92836315102023
2025-08-29,40.4,40.4,38.4,38.7,188100,21.70890736222735,49.50352726318754
2025-09-03,38.8,40.0,38.8,39.3,175900,27.149739469845557,52.13516650809652
2025-09-04,40.2,40.2,38.5,39.2,197300,29.489903473063464,51.652012053517325
2025-09-05,39.2,39.2,37.4,37.9,224000,22.40583951217701,45.72015166303692
2025-09-08,37.9,38.3,37.2,37.2,141700,23.71624102232201,42.86551342810493
2025-09-09,37.5,38.8,37.3,38.0,100500,28.517306718275606,46.942740163391946
2025-09-10,38.1,38.4,37.8,38.4,72600,32.26573241346499,48.906058089329235
2025-09-11,38.5,38.5,37.2,37.6,198100,37.16231871918923,45.29595260653696
2025-09-12,37.6,39.3,37.6,39.0,182800,49.429425503730045,51.976793361856636
2025-09-15,39.0,39.8,38.8,39.7,192900,60.87668388296973,54.93997181522543
2025-09-16,39.5,39.6,38.6,38.9,156500,53.99992522784503,51.06219540007111
2025-09-17,39.0,39.5,38.6,38.6,144600,45.21019524281811,49.647041548036185
2025-09-18,39.2,39.2,38.4,38.5,79700,40.37369530539879,49.15798210330045
2025-09-19,38.6,38.6,38.2,38.6,56900,43.53602023529068,49.691676696335215
2025-09-22,38.7,39.4,38.2,38.6,125300,41.742774000297466,49.69167669633522
2025-09-23,38.8,38.8,38.2,38.3,51300,35.1972038976745,47.94075970557287
2025-09-24,38.4,38.6,38.1,38.6,71100,41.7016375418034,49.843982517976215
2025-09-25,38.6,38.9,37.9,38.3,170000,42.960337602168885,47.955910177938
2025-09-26,38.2,41.3,38.0,39.5,204600,52.83853147490103,55.25682625123176
2025-09-29,39.6,40.0,38.7,38.9,136800,46.352116274273826,51.376027293286405
2025-09-30,39.3,39.3,37.4,38.5,140400,40.97127427922516,48.909846386511404
2025-10-01,39.0,39.0,38.0,38.3,36300,46.68956799375748,47.67750061207931
2025-10-02,38.3,38.3,37.3,37.4,123900,37.63043326069358,42.48933945208704
2025-10-03,37.4,37.4,36.0,36.1,214900,25.943120245597655,36.338280650326396
2025-10-06,36.5,37.3,36.0,36.9,142600,34.352140206468604,41.911327207053866
2025-10-07,36.9,37.4,36.3,36.6,76900,40.44470430919707,40.48021696422978
2025-10-08,36.7,37.5,36.7,37.0,106600,46.15577917210768,43.26209687114442
2025-10-09,37.1,38.5,37.1,37.5,84900,50.42313861262903,46.62059756468285
2025-10-10,37.8,38.7,37.8,38.2,107400,49.838177990311316,50.994135841157515
2025-10-13,37.8,39.9,37.1,39.5,363300,60.52028428608439,57.89389987609964
2025-10-14,39.6,40.0,38.4,38.5,196800,62.94453357808906,51.84677090965221
2025-10-15,39.0,39.0,37.5,37.7,133400,64.09612011991622,47.566309799764056
2025-10-16,37.1,40.8,35.6,38.8,440700,67.70474654818784,53.27815241585053
2025-10-17,38.8,39.3,37.7,38.1,209200,65.71029788509028,49.5770069776519
2025-10-20,38.0,38.0,33.5,34.7,384700,60.23043861821977,36.36349698980409
2025-10-21,34.7,35.5,31.5,34.1,397200,52.44224349859005,34.6104169656044
2025-10-22,34.7,34.7,33.4,34.3,67200,55.710280190258516,35.722805341893135
2025-10-23,34.5,34.6,34.0,34.1,58800,60.84637889904713,35.08012692748899
2025-10-24,34.3,34.3,33.0,34.0,92300,56.91154441420181,34.74355560775392
2025-10-27,33.5,34.5,33.5,33.7,85400,56.94060491302184,33.698982885148
2025-10-28,34.0,34.4,33.6,34.4,44700,55.874420970925556,38.35608839137747
2025-10-29,34.5,35.2,34.5,34.8,117300,56.26959581179037,40.910285519240496
2025-10-30,34.9,35.2,34.6,34.9,90100,55.839912183318205,41.56218833909662
2025-10-31,34.9,35.1,34.5,34.9,64800,47.13313764070727,41.56218833909662
2025-11-03,34.8,34.8,34.1,34.1,94700,40.28797834501652,37.70291732495971
2025-11-04,34.0,34.5,33.2,34.4,93400,41.247924326498286,39.95457690606315
2025-11-05,34.4,35.8,34.2,35.1,173300,31.98969110190278,44.95402495800722
2025-11-06,35.1,35.2,34.5,34.7,61000,34.98923707832604,42.76295380326937
2025-11-07,34.8,34.8,33.9,33.9,50600,43.133546574269225,38.700239942625416
2025-11-10,33.9,34.8,33.6,33.8,35200,56.651309378409564,38.21154501186576
2025-11-11,34.1,34.1,33.4,33.7,59400,51.13391949070568,37.698875773824746
2025-11-12,34.1,34.3,33.9,34.2,28200,49.76685032645038,41.89646471006652
2025-11-13,34.2,34.4,34.0,34.0,52900,54.27201471334735,40.71478218442393
2025-11-14,34.4,34.4,33.8,33.9,38700,48.06615600511,40.105688495938864
2025-11-17,33.9,34.4,33.9,34.2,47100,48.197811449259774,42.86705791218485
2025-11-18,34.2,34.2,33.5,34.1,50700,38.56106997835905,42.16915144288367
2025-11-19,33.9,34.2,33.7,34.2,66600,36.7444960642589,43.16563298181059
2025-11-20,34.3,34.3,33.7,33.8,52700,37.33412361064105,40.18301976406253
2025-11-21,33.8,34.5,33.6,34.4,90200,48.15987456175265,46.1892728422953
2025-11-24,34.4,36.8,34.4,36.2,332800,68.55592999540151,59.369828894548824
2025-11-25,36.3,38.1,36.2,36.3,238300,70.66301328103833,59.956652300842315
2025-11-26,36.9,37.2,36.3,36.7,76400,69.49009699534885,62.30207384846991
2025-11-27,36.6,37.5,36.2,36.9,126800,75.44705389331557,63.45466985334412
2025-11-28,37.1,37.3,36.4,37.0,113300,79.54633366972365,64.04657833945538
2025-12-01,37.0,38.4,37.0,38.1,376300,87.13905767820052,69.8343650299037
2025-12-02,38.1,38.3,37.0,38.0,208100,76.61343586148837,68.750831778078
2025-12-03,38.0,38.5,37.8,38.1,133800,78.2859707525187,69.26440150138254
2025-12-04,38.3,38.8,37.7,37.7,174400,72.85170372275729,64.68499521707534
2025-12-05,38.1,38.1,37.0,37.1,112900,68.42044296318852,58.44320644749928
2025-12-08,37.5,37.6,36.4,36.7,219800,63.31679940153649,54.65667025807718
2025-12-09,36.9,37.0,36.0,36.5,97000,59.782035142524855,52.81414677174034
